Player,Week,Opp,avg_comp,avg_att,avg_pct,avg_yds,avg_yds/att,avg_td,avg_int,avg_qb rating,avg_rush_att,avg_rush_yds,avg_rush_yd/att,avg_rush_td,avg_fantasy points
Aaron Rodgers,1,SF,30.0,44.0,68.0,303.0,7.0,2.0,1.0,93.0,5.0,27.0,5.0,0.0,22.82
Aaron Rodgers,2,CHI,26.0,38.0,68.5,261.0,7.0,1.5,1.0,89.0,4.0,10.5,1.5,0.0,16.490000000000002
Aaron Rodgers,3,SEA,26.0,38.333333333333336,68.0,248.33333333333334,6.666666666666667,1.0,0.6666666666666666,86.33333333333333,3.3333333333333335,12.666666666666666,4.0,0.0,14.533333333333333
Aaron Rodgers,4,NO,27.25,39.0,70.0,266.0,7.0,1.75,0.75,94.75,3.75,12.75,3.75,0.0,17.915
Aaron Rodgers,5,IND,25.8,37.6,68.6,259.8,7.0,2.0,0.8,96.4,4.0,21.6,5.2,0.0,19.351999999999997
Aaron Rodgers,6,HOU,25.5,37.5,68.0,272.8333333333333,7.333333333333333,2.6666666666666665,0.6666666666666666,102.66666666666667,3.6666666666666665,20.833333333333332,5.833333333333333,0.0,22.66333333333333
Aaron Rodgers,7,LAR,26.142857142857142,37.42857142857143,69.85714285714286,282.7142857142857,7.571428571428571,2.7142857142857144,0.5714285714285714,106.85714285714286,3.4285714285714284,17.857142857142858,5.0,0.0,23.094285714285714
Aaron Rodgers,8,JAX,25.625,37.125,69.0,270.625,7.25,2.625,0.5,105.5,3.375,16.125,4.5,0.0,21.9375
Aaron Rodgers,9,ARI,24.333333333333332,36.333333333333336,66.55555555555556,264.77777777777777,7.222222222222222,2.7777777777777777,0.5555555555555556,104.55555555555556,3.888888888888889,18.0,4.444444444444445,0.0,22.391111111111112
Aaron Rodgers,11,DET,23.8,35.4,66.9,261.9,7.4,2.7,0.6,104.7,3.6,16.5,4.3,0.0,21.726000000000003
Aaron Rodgers,12,NYG,22.90909090909091,34.45454545454545,65.9090909090909,258.0,7.545454545454546,2.5454545454545454,0.6363636363636364,102.63636363636364,3.5454545454545454,17.0,4.545454545454546,0.0,20.74727272727273
Aaron Rodgers,13,MIN,23.25,34.5,66.83333333333333,260.3333333333333,7.583333333333333,2.4166666666666665,0.6666666666666666,102.25,3.5833333333333335,16.833333333333332,4.5,0.0,20.263333333333335
Aaron Rodgers,14,DET,22.53846153846154,33.69230769230769,66.15384615384616,253.6153846153846,7.538461538461538,2.230769230769231,0.6153846153846154,100.61538461538461,3.5384615384615383,18.0,5.0,0.07692307692307693,19.790769230769232
Aaron Rodgers,15,CHI,22.571428571428573,33.857142857142854,66.0,256.2857142857143,7.571428571428571,2.2857142857142856,0.5714285714285714,101.78571428571429,3.5714285714285716,17.714285714285715,4.928571428571429,0.07142857142857142,20.23
Aaron Rodgers,16,TEN,22.866666666666667,34.13333333333333,66.33333333333333,262.0,7.666666666666667,2.3333333333333335,0.5333333333333333,103.33333333333333,3.6,17.266666666666666,4.8,0.13333333333333333,21.066666666666666
Aaron Rodgers,17,MIN,23.1875,34.5,66.5625,268.4375,7.75,2.4375,0.5,105.125,3.375,16.1875,4.5,0.125,21.5375
Alex Smith,1,GB,20.0,26.0,77.0,211.0,8.0,2.0,0.0,126.0,5.0,13.0,3.0,0.0,17.74
Alex Smith,2,DET,20.0,28.5,71.0,218.5,7.5,2.0,0.0,117.0,4.5,10.0,2.5,0.0,17.74
Alex Smith,3,MIN,21.333333333333332,30.666666666666668,70.33333333333333,213.66666666666666,7.0,1.6666666666666667,0.3333333333333333,105.0,4.333333333333333,15.333333333333334,4.0,0.0,15.413333333333332
Alex Smith,4,NYJ,19.0,28.25,67.0,196.0,7.0,1.25,0.25,98.25,4.0,14.5,4.0,0.0,13.29
Alex Smith,5,BUF,18.8,27.4,68.6,217.4,8.2,1.6,0.2,109.8,3.8,21.4,6.4,0.0,16.436
Alex Smith,6,NYG,18.833333333333332,27.833333333333332,67.66666666666667,214.5,8.0,1.3333333333333333,0.6666666666666666,98.66666666666667,3.5,18.666666666666668,5.833333333333333,0.0,14.113333333333332
Alex Smith,7,SEA,18.142857142857142,27.142857142857142,66.71428571428571,203.85714285714286,7.714285714285714,1.2857142857142858,0.7142857142857143,95.28571428571429,3.7142857142857144,17.571428571428573,5.285714285714286,0.0,13.34
Alex Smith,8,ARI,18.125,26.125,70.25,207.375,8.25,1.5,0.625,103.0,3.375,16.125,5.375,0.0,14.407499999999999
Alex Smith,10,LAR,16.88888888888889,24.11111111111111,72.22222222222223,192.33333333333334,8.333333333333334,1.4444444444444444,0.5555555555555556,107.55555555555556,3.2222222222222223,14.88888888888889,5.111111111111111,0.0,13.626666666666665
Alex Smith,11,CHI,15.2,21.7,65.0,173.1,7.5,1.3,0.5,96.8,2.9,13.4,4.6,0.0,12.264
Alex Smith,12,NO,13.818181818181818,19.727272727272727,59.09090909090909,157.36363636363637,6.818181818181818,1.1818181818181819,0.45454545454545453,88.0,2.6363636363636362,12.181818181818182,4.181818181818182,0.0,11.149090909090908
Alex Smith,13,LAR,12.666666666666666,18.083333333333332,54.166666666666664,144.25,6.25,1.0833333333333333,0.4166666666666667,80.66666666666667,2.4166666666666665,11.166666666666666,3.8333333333333335,0.0,10.219999999999999
Alex Smith,14,MIA,11.692307692307692,16.692307692307693,50.0,133.15384615384616,5.769230769230769,1.0,0.38461538461538464,74.46153846153847,2.230769230769231,10.307692307692308,3.5384615384615383,0.0,9.433846153846153
Alex Smith,15,NE,10.857142857142858,15.5,46.42857142857143,123.64285714285714,5.357142857142857,0.9285714285714286,0.35714285714285715,69.14285714285714,2.0714285714285716,9.571428571428571,3.2857142857142856,0.0,8.76
Alex Smith,16,SEA,10.133333333333333,14.466666666666667,43.333333333333336,115.4,5.0,0.8666666666666667,0.3333333333333333,64.53333333333333,1.9333333333333333,8.933333333333334,3.066666666666667,0.0,8.175999999999998
Alex Smith,17,ARI,9.5625,13.625,46.875,108.5625,5.0625,0.8125,0.3125,66.25,1.9375,8.25,2.8125,0.0,7.6675
Andrew Luck,1,CHI,23.0,45.0,51.0,309.0,7.0,1.0,3.0,53.0,2.0,9.0,5.0,0.0,9.26
Andrew Luck,2,MIN,21.5,38.0,58.0,266.5,7.0,1.5,1.5,80.0,3.0,15.0,5.0,0.0,14.16
Andrew Luck,3,JAX,21.666666666666668,40.666666666666664,54.666666666666664,282.0,7.0,1.6666666666666667,1.3333333333333333,78.66666666666667,3.3333333333333335,26.666666666666668,7.666666666666667,0.0,17.28
Andrew Luck,5,GB,24.0,44.25,55.0,302.0,7.0,1.75,1.25,79.25,4.0,26.0,6.75,0.25,20.18
Andrew Luck,6,NYJ,23.6,44.2,54.0,297.6,6.8,1.4,1.4,73.6,3.4,20.6,5.2,0.2,17.163999999999998
Andrew Luck,7,CLE,22.333333333333332,41.666666666666664,54.166666666666664,279.0,6.666666666666667,1.1666666666666667,1.1666666666666667,73.83333333333333,3.3333333333333335,19.166666666666668,5.0,0.5,17.41
Andrew Luck,8,TEN,22.857142857142858,41.142857142857146,56.142857142857146,281.57142857142856,6.857142857142857,1.1428571428571428,1.1428571428571428,76.0,3.7142857142857144,20.428571428571427,5.0,0.42857142857142855,17.305714285714284
Andrew Luck,9,MIA,23.75,42.0,57.0,300.5,7.125,1.25,1.0,79.75,3.375,18.5,5.0,0.375,18.37
Andrew Luck,10,JAX,23.11111111111111,40.22222222222222,58.333333333333336,292.3333333333333,7.333333333333333,1.1111111111111112,1.0,79.77777777777777,3.7777777777777777,17.666666666666668,4.666666666666667,0.5555555555555556,18.34888888888889
Andrew Luck,11,NE,23.5,41.2,57.9,296.5,7.3,1.2,1.2,78.1,3.5,16.3,4.6,0.5,17.89
Andrew Luck,12,BUF,23.181818181818183,40.81818181818182,57.54545454545455,291.3636363636364,7.2727272727272725,1.1818181818181819,1.1818181818181819,77.54545454545455,3.727272727272727,16.636363636363637,4.454545454545454,0.45454545454545453,17.5
Andrew Luck,13,DET,23.25,41.916666666666664,56.416666666666664,299.6666666666667,7.25,1.4166666666666667,1.3333333333333333,77.0,3.6666666666666665,18.0,5.0,0.4166666666666667,18.453333333333333
Andrew Luck,14,TEN,22.692307692307693,41.30769230769231,55.69230769230769,291.6923076923077,7.153846153846154,1.3846153846153846,1.3846153846153846,75.0,3.769230769230769,17.153846153846153,4.6923076923076925,0.38461538461538464,17.69076923076923
Andrew Luck,15,HOU,22.0,40.285714285714285,55.142857142857146,284.14285714285717,7.142857142857143,1.4285714285714286,1.2857142857142858,76.5,3.642857142857143,16.642857142857142,4.714285714285714,0.35714285714285715,17.60142857142857
Andrew Luck,16,KC,21.666666666666668,39.93333333333333,54.733333333333334,278.8666666666667,7.066666666666666,1.4,1.2,76.46666666666667,3.8,16.933333333333334,4.666666666666667,0.3333333333333333,17.38133333333333
Andrew Luck,17,HOU,21.1875,39.1875,54.4375,273.375,7.0625,1.4375,1.125,77.6875,3.875,15.9375,4.375,0.3125,17.27875
Andy Dalton,1,BAL,22.0,37.0,60.0,221.0,6.0,0.0,1.0,65.0,3.0,11.0,4.0,0.0,5.94
Andy Dalton,2,CLE,23.0,34.0,68.5,269.5,8.0,1.5,1.0,96.5,3.0,7.5,2.5,0.0,14.530000000000001
Andy Dalton,3,WAS,21.666666666666668,31.666666666666668,69.0,289.0,9.333333333333334,2.0,1.0,108.66666666666667,2.6666666666666665,10.333333333333334,4.333333333333333,0.0,17.926666666666666
Andy Dalton,4,JAX,21.25,31.5,68.0,277.75,9.0,2.0,1.0,105.75,3.5,9.0,3.5,0.25,19.01
Andy Dalton,5,MIA,22.2,33.8,66.6,269.0,8.2,1.8,1.2,97.4,3.6,11.4,3.8,0.2,17.5
Andy Dalton,6,CLE,23.666666666666668,35.833333333333336,66.66666666666667,287.6666666666667,8.166666666666666,2.0,1.5,95.66666666666667,3.3333333333333335,10.333333333333334,3.6666666666666665,0.16666666666666666,17.87333333333333
Andy Dalton,7,PIT,22.285714285714285,34.714285714285715,64.28571428571429,261.57142857142856,7.571428571428571,1.8571428571428572,1.4285714285714286,90.0,3.0,8.714285714285714,3.0,0.14285714285714285,16.19142857142857
Andy Dalton,9,DEN,22.75,35.625,64.0,266.25,7.5,1.75,1.375,88.875,2.875,9.625,3.625,0.125,16.1125
Andy Dalton,10,NYG,22.555555555555557,35.0,64.66666666666667,258.77777777777777,7.444444444444445,2.0,1.2222222222222223,93.22222222222223,2.7777777777777777,8.333333333333334,3.111111111111111,0.1111111111111111,16.962222222222223
Andy Dalton,11,KC,22.1,34.4,64.4,255.9,7.5,2.0,1.1,94.9,2.8,8.8,3.2,0.2,17.716
Andy Dalton,12,OAK,21.545454545454547,34.0,63.36363636363637,251.72727272727272,7.454545454545454,2.090909090909091,1.0,96.18181818181819,2.909090909090909,8.454545454545455,3.0,0.18181818181818182,18.005454545454544
Andy Dalton,13,LAC,21.833333333333332,34.333333333333336,63.583333333333336,248.33333333333334,7.333333333333333,2.0,1.0833333333333333,93.75,3.0,8.166666666666666,2.8333333333333335,0.25,17.75
Andy Dalton,14,DAL,21.692307692307693,34.23076923076923,63.38461538461539,245.07692307692307,7.230769230769231,1.9230769230769231,1.0769230769230769,92.38461538461539,2.8461538461538463,7.538461538461538,2.6153846153846154,0.23076923076923078,17.172307692307694
Andy Dalton,15,PHI,21.071428571428573,33.714285714285715,62.285714285714285,236.64285714285714,7.071428571428571,1.8571428571428572,1.0,91.07142857142857,3.2142857142857144,8.285714285714286,2.5714285714285716,0.2857142857142857,16.865714285714287
Andy Dalton,16,PIT,21.266666666666666,34.2,62.06666666666667,239.4,7.066666666666666,1.7333333333333334,1.0666666666666667,88.93333333333334,3.0,7.733333333333333,2.4,0.26666666666666666,16.216
Andy Dalton,17,BAL,20.5625,33.0,62.375,229.3125,6.9375,1.6875,1.0,89.75,2.9375,7.5,2.375,0.25,15.6725
Ben Roethlisberger,1,DEN,22.0,40.0,55.0,245.0,6.0,2.0,1.0,80.0,2.0,4.0,2.0,0.0,16.2
Ben Roethlisberger,2,NYJ,23.0,35.5,66.0,260.0,7.5,2.0,0.5,102.5,1.0,2.0,1.0,0.0,17.6
Ben Roethlisberger,3,OAK,27.333333333333332,40.0,68.66666666666667,301.3333333333333,7.666666666666667,2.6666666666666665,0.3333333333333333,109.33333333333333,1.0,4.0,3.3333333333333335,0.0,22.453333333333333
Ben Roethlisberger,5,PHI,26.0,39.5,66.0,281.0,7.25,2.25,0.25,102.75,1.5,6.5,3.75,0.0,20.39
Ben Roethlisberger,6,TEN,25.6,39.6,64.8,297.4,7.6,2.0,0.4,99.8,1.4,8.0,5.8,0.0,19.896
Ben Roethlisberger,7,CIN,25.833333333333332,39.166666666666664,66.16666666666667,294.1666666666667,7.666666666666667,1.8333333333333333,0.5,98.5,1.3333333333333333,6.5,4.666666666666667,0.0,18.75
Ben Roethlisberger,8,WAS,25.571428571428573,38.285714285714285,67.14285714285714,283.85714285714283,7.571428571428571,2.0,0.42857142857142855,101.71428571428571,1.4285714285714286,6.428571428571429,4.428571428571429,0.0,19.139999999999997
Ben Roethlisberger,9,NYG,25.0,37.25,67.5,275.375,7.5,2.0,0.5,101.375,1.75,5.5,3.875,0.0,18.314999999999998
Ben Roethlisberger,10,KC,23.22222222222222,35.111111111111114,65.55555555555556,254.11111111111111,7.222222222222222,1.8888888888888888,0.4444444444444444,99.22222222222223,1.6666666666666667,6.444444444444445,5.0,0.0,17.25333333333333
Ben Roethlisberger,14,LAC,23.1,35.8,64.2,257.2,7.2,2.0,0.5,98.1,2.0,8.9,5.1,0.0,17.778
Ben Roethlisberger,15,DAL,23.181818181818183,36.18181818181818,63.81818181818182,264.6363636363636,7.363636363636363,2.0,0.5454545454545454,97.72727272727273,2.0,8.272727272727273,4.7272727272727275,0.0,17.958181818181814
Ben Roethlisberger,16,CIN,22.416666666666668,35.5,62.666666666666664,260.9166666666667,7.416666666666667,1.9166666666666667,0.6666666666666666,94.5,2.0,7.833333333333333,4.5,0.0,17.219999999999995
Ben Roethlisberger,17,CLE,21.846153846153847,34.53846153846154,62.84615384615385,251.15384615384616,7.3076923076923075,2.0,0.6153846153846154,96.46153846153847,2.0,7.076923076923077,4.076923076923077,0.0,17.21538461538461
Blaine Gabbert,1,MIN,23.0,39.0,59.0,260.0,7.0,2.0,0.0,96.0,5.0,6.0,1.0,0.0,19.0
Blaine Gabbert,2,HOU,15.0,29.0,48.0,156.5,5.0,1.5,0.0,79.5,3.0,5.5,3.0,0.0,12.81
Blaine Gabbert,3,IND,13.333333333333334,26.333333333333332,48.0,156.0,5.666666666666667,1.3333333333333333,0.0,82.33333333333333,2.6666666666666665,7.333333333333333,4.0,0.0,12.306666666666667
Blaine Gabbert,4,CIN,15.75,28.25,53.0,163.5,5.75,1.25,0.25,81.5,2.75,10.25,4.5,0.0,12.065000000000001
Blaine Gabbert,5,CHI,16.0,29.2,52.8,159.2,5.4,1.0,0.6,72.8,2.6,8.4,3.8,0.0,9.608
Blaine Gabbert,7,OAK,14.666666666666666,26.333333333333332,55.166666666666664,151.0,6.0,1.0,0.5,81.33333333333333,2.1666666666666665,7.0,3.1666666666666665,0.0,9.406666666666668
Blaine Gabbert,8,GB,16.428571428571427,29.571428571428573,55.142857142857146,172.71428571428572,6.0,1.0,0.42857142857142855,81.28571428571429,2.0,6.0,2.7142857142857144,0.0,10.365714285714287
Blaine Gabbert,9,DET,17.75,30.625,57.125,178.625,6.0,1.125,0.625,81.25,2.125,5.75,2.5,0.0,10.97
Blaine Gabbert,10,IND,17.77777777777778,30.666666666666668,57.22222222222222,182.0,6.111111111111111,1.0,0.6666666666666666,79.44444444444444,2.0,6.222222222222222,3.3333333333333335,0.0,10.568888888888889
Blaine Gabbert,11,HOU,16.2,27.8,61.5,166.2,6.7,0.9,0.6,83.2,1.8,5.6,3.0,0.0,9.408
Brady Quinn,5,BAL,2.0,2.0,100.0,32.0,16.0,0.0,0.0,119.0,0.0,0.0,0.0,0.0,1.28
Brady Quinn,6,TB,12.0,20.0,79.0,106.0,10.5,0.0,1.0,83.5,1.0,5.5,3.0,0.0,2.79
Brady Quinn,8,OAK,8.666666666666666,14.666666666666666,69.33333333333333,71.0,7.0,0.0,1.0,61.333333333333336,1.3333333333333333,9.666666666666666,5.0,0.0,1.8066666666666666
Brady Quinn,11,CIN,8.75,14.5,68.0,77.0,7.0,0.0,0.75,67.0,1.75,9.0,4.25,0.0,2.48
Brady Quinn,12,DEN,9.6,16.6,64.8,86.8,6.6,0.0,0.8,63.6,1.6,7.0,3.2,0.0,2.572
Brady Quinn,13,CAR,11.166666666666666,17.666666666666668,67.83333333333333,105.83333333333333,7.0,0.3333333333333333,0.6666666666666666,75.0,1.8333333333333333,7.833333333333333,3.3333333333333335,0.0,5.016666666666667
Brady Quinn,14,CLE,11.0,18.142857142857142,65.0,113.42857142857143,7.142857142857143,0.2857142857142857,0.7142857142857143,71.85714285714286,1.7142857142857142,7.285714285714286,3.4285714285714284,0.0,4.9799999999999995
Brady Quinn,15,OAK,11.875,19.875,63.875,116.25,6.75,0.25,0.75,69.625,1.5,6.375,3.0,0.0,4.7875
Brady Quinn,16,IND,11.666666666666666,20.11111111111111,61.888888888888886,121.33333333333333,6.777777777777778,0.2222222222222222,0.8888888888888888,65.55555555555556,1.8888888888888888,6.888888888888889,2.888888888888889,0.0,4.653333333333332
Brady Quinn,17,DEN,11.2,19.7,60.1,114.1,6.4,0.2,0.8,64.1,1.9,6.6,2.8,0.0,4.4239999999999995
Brandon Weeden,1,PHI,12.0,35.0,34.0,118.0,3.0,0.0,4.0,5.0,2.0,25.0,13.0,0.0,-0.78
Brandon Weeden,2,CIN,19.0,36.0,52.0,220.0,6.0,1.0,2.0,60.0,2.0,15.5,8.0,0.0,10.35
Brandon Weeden,3,BUF,21.666666666666668,38.333333333333336,55.666666666666664,225.66666666666666,6.0,1.0,2.0,62.0,1.3333333333333333,10.333333333333334,5.333333333333333,0.0,10.06
Brandon Weeden,4,BAL,22.5,41.75,53.75,249.25,6.0,0.75,1.75,61.5,1.0,7.75,4.0,0.0,10.245000000000001
Brandon Weeden,5,NYG,22.4,40.4,55.6,257.6,6.4,1.0,1.8,66.0,1.0,6.6,3.6,0.0,11.364
Brandon Weeden,6,CIN,21.5,38.5,56.166666666666664,253.16666666666666,6.666666666666667,1.1666666666666667,1.6666666666666667,70.5,1.3333333333333333,6.0,3.1666666666666665,0.0,12.060000000000002
Brandon Weeden,7,IND,22.0,38.857142857142854,56.857142857142854,254.71428571428572,6.571428571428571,1.2857142857142858,1.4285714285714286,74.14285714285714,1.2857142857142858,7.0,4.571428571428571,0.0,13.045714285714288
Brandon Weeden,8,LAC,20.625,37.375,54.875,239.0,6.375,1.125,1.25,71.875,1.625,6.625,4.125,0.0,12.11
Brandon Weeden,9,BAL,20.555555555555557,37.333333333333336,54.77777777777778,232.0,6.222222222222222,1.0,1.3333333333333333,68.77777777777777,1.6666666666666667,7.111111111111111,4.333333333333333,0.0,11.224444444444444
Brandon Weeden,11,DAL,20.5,37.1,55.0,229.8,6.2,1.1,1.2,71.3,1.5,6.4,3.9,0.0,11.542
Brandon Weeden,12,PIT,20.181818181818183,36.09090909090909,55.90909090909091,223.27272727272728,6.181818181818182,1.0909090909090908,1.1818181818181819,72.0,1.5454545454545454,6.545454545454546,3.909090909090909,0.0,11.321818181818182
Brandon Weeden,13,OAK,20.583333333333332,36.083333333333336,57.0,235.0,6.5,1.0833333333333333,1.25,73.33333333333333,1.8333333333333333,6.916666666666667,3.75,0.0,11.683333333333335
Brandon Weeden,14,KC,20.307692307692307,35.61538461538461,57.0,233.6153846153846,6.538461538461538,1.0,1.1538461538461537,73.76923076923077,1.7692307692307692,7.538461538461538,4.615384615384615,0.0,11.56769230769231
Brandon Weeden,15,WAS,20.357142857142858,35.57142857142857,57.214285714285715,234.35714285714286,6.571428571428571,1.0,1.2142857142857142,73.28571428571429,1.7142857142857142,7.642857142857143,4.928571428571429,0.0,11.502857142857144
Brandon Weeden,16,DEN,19.8,34.46666666666667,57.6,225.66666666666666,6.533333333333333,0.9333333333333333,1.1333333333333333,73.6,1.8,7.4,4.666666666666667,0.0,11.040000000000001
Brian Hoyer,16,CHI,11.0,19.0,58.0,105.0,6.0,0.0,1.0,51.0,0.0,0.0,0.0,0.0,2.2
Brian Hoyer,17,SF,15.0,26.5,57.0,165.0,6.5,0.5,1.0,62.5,0.5,3.0,3.0,0.0,6.9
Brock Osweiler,4,OAK,0.0,0.0,0.0,0.0,0.0,0.0,0.0,0.0,1.0,-1.0,-1.0,0.0,-0.1
Brock Osweiler,8,NO,0.0,0.0,0.0,0.0,0.0,0.0,0.0,0.0,1.0,-1.0,-1.0,0.0,-0.1
Brock Osweiler,15,BAL,0.0,0.0,0.0,0.0,0.0,0.0,0.0,0.0,1.3333333333333333,-2.0,-1.3333333333333333,0.0,-0.20000000000000004
Brock Osweiler,16,CLE,0.0,0.0,0.0,0.0,0.0,0.0,0.0,0.0,1.25,-1.75,-1.25,0.0,-0.17500000000000002
Brock Osweiler,17,KC,0.4,0.8,10.0,2.4,0.6,0.0,0.0,11.2,1.6,-2.6,-1.4,0.0,-0.164
Bruce Gradkowski,1,BAL,0.0,0.0,0.0,0.0,0.0,0.0,0.0,0.0,1.0,0.0,0.0,0.0,0.0
Bruce Gradkowski,17,BAL,2.5,5.5,23.0,32.5,3.0,0.0,0.0,32.5,2.0,-1.0,-0.5,0.0,1.2
Byron Leftwich,10,KC,7.0,14.0,50.0,73.0,5.0,0.0,0.0,65.0,0.0,0.0,0.0,0.0,2.92
Byron Leftwich,11,BAL,12.5,26.5,48.0,136.0,5.0,0.0,0.5,58.0,0.5,15.5,15.5,0.5,8.99
Cam Newton,1,TB,23.0,33.0,70.0,303.0,9.0,1.0,2.0,83.0,5.0,4.0,1.0,0.0,12.52
Cam Newton,2,NO,18.5,26.5,70.0,278.0,11.0,1.0,1.0,106.0,9.0,37.5,3.5,0.5,18.869999999999997
Cam Newton,3,NYG,17.666666666666668,27.666666666666668,64.33333333333333,266.0,10.0,0.6666666666666666,1.6666666666666667,84.33333333333333,8.0,27.0,2.6666666666666665,0.6666666666666666,16.006666666666664
Cam Newton,4,ATL,17.0,26.75,64.0,253.25,9.75,1.0,1.25,93.0,8.25,41.75,4.5,0.75,19.805
Cam Newton,5,SEA,16.0,27.2,59.4,230.8,8.8,0.8,1.0,85.8,8.0,41.8,4.8,0.6,17.412
Cam Newton,7,DAL,16.833333333333332,28.833333333333332,59.0,231.16666666666666,8.333333333333334,0.8333333333333334,1.0,83.66666666666667,7.666666666666667,45.5,5.833333333333333,0.5,17.23
Cam Newton,8,CHI,17.285714285714285,30.285714285714285,57.857142857142854,243.0,8.285714285714286,0.7142857142857143,1.1428571428571428,79.85714285714286,7.285714285714286,44.285714285714285,6.0,0.42857142857142855,16.52
Cam Newton,9,WAS,16.75,29.375,57.75,237.75,8.375,0.75,1.0,82.375,7.375,43.375,5.875,0.5,17.1725
Cam Newton,10,DEN,17.22222222222222,30.11111111111111,57.77777777777778,238.11111111111111,8.222222222222221,0.8888888888888888,1.1111111111111112,81.44444444444444,7.0,39.333333333333336,5.444444444444445,0.4444444444444444,16.857777777777777
Cam Newton,11,TB,17.1,30.0,57.5,239.5,8.3,0.9,1.0,82.9,7.4,39.4,5.3,0.4,16.98
Cam Newton,12,PHI,17.181818181818183,29.818181818181817,58.09090909090909,245.54545454545453,8.545454545454545,1.0,0.9090909090909091,86.72727272727273,8.0,40.54545454545455,5.181818181818182,0.5454545454545454,18.84
Cam Newton,13,KC,17.0,29.583333333333332,57.916666666666664,244.41666666666666,8.583333333333334,1.1666666666666667,0.8333333333333334,89.58333333333333,7.916666666666667,43.666666666666664,5.666666666666667,0.5,19.69333333333333
Cam Newton,14,ATL,17.46153846153846,30.0,58.53846153846154,247.69230769230768,8.538461538461538,1.2307692307692308,0.7692307692307693,91.15384615384616,8.0,49.23076923076923,6.230769230769231,0.5384615384615384,21.03076923076923
Cam Newton,15,LAC,17.571428571428573,30.214285714285715,58.5,246.5,8.428571428571429,1.2857142857142858,0.7142857142857143,91.71428571428571,7.714285714285714,46.214285714285715,5.928571428571429,0.5,20.81
Cam Newton,16,OAK,17.6,30.133333333333333,58.733333333333334,241.4,8.266666666666667,1.2666666666666666,0.7333333333333333,90.6,8.0,47.13333333333333,5.866666666666666,0.5333333333333333,20.80933333333333
Cam Newton,17,NO,17.5,30.3125,58.125,241.8125,8.25,1.1875,0.75,88.75,7.9375,46.3125,5.8125,0.5,20.216250000000002
Carson Palmer,1,LAC,32.0,46.0,70.0,297.0,7.0,1.0,0.0,94.0,0.0,0.0,0.0,0.0,17.88
Carson Palmer,2,MIA,28.0,47.0,60.0,335.0,7.5,1.0,0.5,84.0,1.0,3.5,2.0,0.0,17.75
Carson Palmer,3,PIT,26.666666666666668,42.666666666666664,63.666666666666664,293.0,7.0,1.6666666666666667,0.6666666666666666,90.66666666666667,1.3333333333333333,4.0,2.3333333333333335,0.0,18.12
Carson Palmer,4,DEN,24.75,40.5,61.75,270.25,6.75,1.25,0.5,86.25,1.0,3.0,1.75,0.0,15.61
Carson Palmer,6,ATL,24.4,39.0,63.4,286.8,7.6,1.2,0.6,89.4,0.8,2.4,1.4,0.0,15.312000000000001
Carson Palmer,7,JAX,24.666666666666668,40.166666666666664,62.333333333333336,288.6666666666667,7.5,1.1666666666666667,0.6666666666666666,86.83333333333333,1.6666666666666667,4.333333333333333,1.5,0.16666666666666666,15.979999999999999
Carson Palmer,8,KC,23.142857142857142,38.42857142857143,60.57142857142857,277.2857142857143,7.571428571428571,1.2857142857142858,0.7142857142857143,86.42857142857143,1.5714285714285714,3.5714285714285716,1.1428571428571428,0.14285714285714285,15.734285714285715
Carson Palmer,9,TB,25.125,41.25,61.0,294.375,7.5,1.625,1.0,86.25,1.5,3.5,1.375,0.125,17.375
Carson Palmer,10,BAL,25.555555555555557,41.666666666666664,61.333333333333336,302.55555555555554,7.555555555555555,1.6666666666666667,1.0,87.22222222222223,1.4444444444444444,3.111111111111111,1.2222222222222223,0.1111111111111111,17.524444444444445
Carson Palmer,11,NO,25.2,41.5,60.7,303.5,7.6,1.7,1.1,86.1,1.4,3.0,1.3,0.1,17.44
Carson Palmer,12,CIN,24.636363636363637,40.81818181818182,60.27272727272727,289.1818181818182,7.2727272727272725,1.6363636363636365,1.0909090909090908,84.0909090909091,1.2727272727272727,2.727272727272727,1.1818181818181819,0.09090909090909091,16.385454545454547
Carson Palmer,13,CLE,25.416666666666668,41.916666666666664,60.5,294.3333333333333,7.25,1.6666666666666667,1.0833333333333333,84.25,1.25,2.75,1.3333333333333333,0.08333333333333333,16.715
Carson Palmer,14,DEN,24.923076923076923,41.0,60.69230769230769,292.6923076923077,7.384615384615385,1.6923076923076923,1.0769230769230769,85.53846153846153,1.2307692307692308,2.4615384615384617,1.1538461538461537,0.07692307692307693,16.56923076923077
Carson Palmer,15,KC,24.428571428571427,40.142857142857146,60.785714285714285,284.7857142857143,7.285714285714286,1.5714285714285714,1.0,85.14285714285714,1.2857142857142858,2.5714285714285716,1.2142857142857142,0.07142857142857142,15.934285714285716
Carson Palmer,16,CAR,23.0,37.666666666666664,63.4,267.8666666666667,7.466666666666667,1.4666666666666666,0.9333333333333333,86.8,1.2,2.4,1.1333333333333333,0.06666666666666667,14.954666666666668
Chad Henne,2,HOU,2.0,2.0,100.0,23.0,12.0,0.0,0.0,115.0,1.0,0.0,0.0,0.0,-1.08
Chad Henne,7,OAK,5.5,11.0,72.5,47.0,8.0,0.0,0.0,84.5,2.0,2.0,0.5,0.0,1.08
Chad Henne,10,IND,7.0,12.666666666666666,69.33333333333333,71.66666666666667,8.0,0.3333333333333333,0.3333333333333333,83.0,1.3333333333333333,1.3333333333333333,0.3333333333333333,0.0,3.0
Chad Henne,11,HOU,9.25,17.75,64.25,142.25,8.75,1.25,0.25,94.0,1.5,2.75,1.25,0.0,9.965
Chad Henne,12,TEN,10.8,19.4,64.4,166.0,9.0,1.4,0.4,96.8,1.6,2.2,1.0,0.0,11.26
Chad Henne,13,BUF,12.166666666666666,23.166666666666668,61.166666666666664,172.0,8.333333333333334,1.3333333333333333,0.5,90.33333333333333,1.8333333333333333,2.0,0.8333333333333334,0.16666666666666666,11.813333333333333
Chad Henne,14,NYJ,13.428571428571429,26.0,59.42857142857143,173.85714285714286,7.714285714285714,1.1428571428571428,0.7142857142857143,83.28571428571429,1.7142857142857142,1.8571428571428572,0.8571428571428571,0.14285714285714285,10.625714285714285
Chad Henne,15,MIA,14.0,27.0,58.625,179.75,7.625,1.0,0.625,82.0,1.875,3.625,1.375,0.125,10.6025
Chad Henne,16,NE,15.666666666666666,29.666666666666668,58.44444444444444,198.44444444444446,7.555555555555555,1.0,0.8888888888888888,79.55555555555556,1.8888888888888888,5.666666666666667,2.4444444444444446,0.1111111111111111,10.993333333333332
Chad Henne,17,TEN,16.6,30.8,58.7,208.4,7.5,1.1,1.1,78.5,1.9,6.4,2.9,0.1,11.416
Charlie Batch,12,CLE,20.0,34.0,59.0,199.0,6.0,0.0,3.0,39.0,0.0,0.0,0.0,0.0,1.96
Charlie Batch,13,BAL,22.5,35.0,64.0,237.5,7.0,0.5,2.0,64.5,0.0,0.0,0.0,0.0,7.5
Chase Daniel,1,WAS,0.0,0.0,0.0,0.0,0.0,0.0,0.0,0.0,0.0,0.0,0.0,0.0,0.0
Chase Daniel,2,CAR,0.0,0.0,0.0,0.0,0.0,0.0,0.0,0.0,0.0,0.0,0.0,0.0,0.0
Chase Daniel,3,KC,0.0,0.0,0.0,0.0,0.0,0.0,0.0,0.0,0.0,0.0,0.0,0.0,0.0
Chase Daniel,4,GB,0.0,0.0,0.0,0.0,0.0,0.0,0.0,0.0,0.0,0.0,0.0,0.0,0.0
Chase Daniel,5,LAC,0.0,0.0,0.0,0.0,0.0,0.0,0.0,0.0,0.0,0.0,0.0,0.0,0.0
Chase Daniel,7,TB,0.0,0.0,0.0,0.0,0.0,0.0,0.0,0.0,0.0,0.0,0.0,0.0,0.0
Chase Daniel,8,DEN,0.0,0.0,0.0,0.0,0.0,0.0,0.0,0.0,0.0,0.0,0.0,0.0,0.0
Chase Daniel,9,PHI,0.0,0.0,0.0,0.0,0.0,0.0,0.0,0.0,0.0,0.0,0.0,0.0,0.0
Chase Daniel,10,ATL,0.0,0.0,0.0,0.0,0.0,0.0,0.0,0.0,0.0,0.0,0.0,0.0,0.0
Chase Daniel,11,OAK,0.1,0.1,10.0,1.0,1.0,0.0,0.0,10.8,0.3,1.7,0.6,0.0,0.21000000000000002
Chase Daniel,12,SF,0.09090909090909091,0.09090909090909091,9.090909090909092,0.9090909090909091,0.9090909090909091,0.0,0.0,9.818181818181818,0.2727272727272727,1.5454545454545454,0.5454545454545454,0.0,0.19090909090909092
Chase Daniel,13,ATL,0.08333333333333333,0.08333333333333333,8.333333333333334,0.8333333333333334,0.8333333333333334,0.0,0.0,9.0,0.25,1.4166666666666667,0.5,0.0,0.17500000000000002
Chase Daniel,14,NYG,0.07692307692307693,0.07692307692307693,7.6923076923076925,0.7692307692307693,0.7692307692307693,0.0,0.0,8.307692307692308,0.23076923076923078,1.3076923076923077,0.46153846153846156,0.0,0.16153846153846155
Chase Daniel,15,TB,0.07142857142857142,0.07142857142857142,7.142857142857143,0.7142857142857143,0.7142857142857143,0.0,0.0,7.714285714285714,0.21428571428571427,1.2142857142857142,0.42857142857142855,0.0,0.15
Chase Daniel,16,DAL,0.06666666666666667,0.06666666666666667,6.666666666666667,0.6666666666666666,0.6666666666666666,0.0,0.0,7.2,0.2,1.1333333333333333,0.4,0.0,0.14
Chase Daniel,17,CAR,0.0625,0.0625,6.25,0.625,0.625,0.0,0.0,6.75,0.1875,1.0625,0.375,0.0,0.13125
Christian Ponder,1,JAX,20.0,27.0,74.0,270.0,10.0,0.0,0.0,105.0,1.0,1.0,1.0,0.0,8.9
Christian Ponder,2,IND,23.5,31.0,75.5,257.5,8.5,1.0,0.0,110.0,2.0,4.0,1.5,0.0,12.7
Christian Ponder,3,SF,22.666666666666668,32.333333333333336,70.33333333333333,237.66666666666666,7.666666666666667,1.3333333333333333,0.0,105.0,3.6666666666666665,13.666666666666666,2.6666666666666665,0.3333333333333333,16.87333333333333
Christian Ponder,4,DET,21.0,30.75,68.25,206.0,6.75,1.0,0.0,96.5,3.0,11.5,3.25,0.25,13.889999999999999
Christian Ponder,5,TEN,21.8,31.6,68.8,216.4,6.8,1.2,0.4,94.8,3.0,15.4,4.6,0.2,14.595999999999998
Christian Ponder,6,WAS,24.0,35.0,68.5,239.0,6.833333333333333,1.3333333333333333,0.6666666666666666,92.83333333333333,3.1666666666666665,15.0,4.333333333333333,0.16666666666666666,15.39333333333333
Christian Ponder,7,ARI,21.714285714285715,32.42857142857143,65.42857142857143,213.14285714285714,6.285714285714286,1.2857142857142858,0.8571428571428571,84.71428571428571,2.857142857142857,13.142857142857142,4.0,0.14285714285714285,13.554285714285712
Christian Ponder,8,TB,21.375,32.75,64.0,217.875,6.375,1.25,0.875,83.5,3.0,13.0,3.875,0.125,13.515
Christian Ponder,9,SEA,20.22222222222222,31.555555555555557,62.44444444444444,200.66666666666666,6.0,1.1111111111111112,0.8888888888888888,78.33333333333333,3.2222222222222223,14.11111111111111,4.0,0.1111111111111111,12.326666666666666
Christian Ponder,10,DET,20.6,31.6,63.7,202.7,6.1,1.2,0.8,81.9,3.5,14.9,4.0,0.1,12.947999999999999
Christian Ponder,12,CHI,20.727272727272727,32.63636363636363,62.54545454545455,198.72727272727272,5.909090909090909,1.1818181818181819,0.8181818181818182,79.72727272727273,3.3636363636363638,14.090909090909092,3.909090909090909,0.09090909090909091,12.403636363636364
Christian Ponder,13,GB,20.0,32.0,61.333333333333336,192.08333333333334,5.833333333333333,1.1666666666666667,0.9166666666666666,76.58333333333333,3.5833333333333335,15.25,4.0,0.08333333333333333,12.0
Christian Ponder,14,CHI,19.307692307692307,30.846153846153847,61.61538461538461,184.30769230769232,5.769230769230769,1.0769230769230769,0.9230769230769231,74.84615384615384,3.6153846153846154,14.076923076923077,3.6923076923076925,0.07692307692307693,11.203076923076923
Christian Ponder,15,LAR,19.142857142857142,30.357142857142858,62.285714285714285,180.5,5.785714285714286,1.0,0.8571428571428571,75.5,3.642857142857143,13.5,3.5714285714285716,0.14285714285714285,11.248571428571427
Christian Ponder,16,HOU,18.933333333333334,30.333333333333332,61.666666666666664,180.06666666666666,5.8,1.0,0.8,75.93333333333334,3.8666666666666667,15.8,3.8,0.13333333333333333,11.415999999999999
Christian Ponder,17,GB,18.75,30.1875,61.375,183.4375,5.9375,1.125,0.75,78.6875,3.75,15.8125,4.0625,0.125,12.1375
Colin Kaepernick,1,GB,0.0,0.0,0.0,0.0,0.0,0.0,0.0,0.0,1.0,17.0,17.0,0.0,1.7
Colin Kaepernick,4,NYJ,0.0,0.5,0.0,0.0,0.0,0.0,0.0,20.0,3.0,33.5,13.5,0.5,6.35
Colin Kaepernick,5,BUF,0.3333333333333333,0.6666666666666666,33.333333333333336,2.3333333333333335,2.3333333333333335,0.0,0.0,45.333333333333336,3.3333333333333335,35.333333333333336,12.333333333333334,0.6666666666666666,6.96
Colin Kaepernick,6,NYG,1.25,2.25,39.25,22.25,4.75,0.0,0.0,58.75,3.0,28.0,10.0,0.5,6.1899999999999995
Colin Kaepernick,7,SEA,1.0,1.8,31.4,17.8,3.8,0.0,0.0,47.0,2.6,22.2,7.8,0.4,4.9319999999999995
Colin Kaepernick,10,LAR,2.6666666666666665,4.333333333333333,37.0,34.333333333333336,4.333333333333333,0.0,0.0,53.333333333333336,3.5,29.5,7.833333333333333,0.5,6.989999999999999
Colin Kaepernick,11,CHI,4.571428571428571,7.0,41.714285714285715,64.14285714285714,5.285714285714286,0.2857142857142857,0.0,64.71428571428571,3.5714285714285716,26.714285714285715,7.142857142857143,0.42857142857142855,8.665714285714285
Colin Kaepernick,12,NO,6.0,9.25,44.5,85.0,5.75,0.375,0.125,68.0,3.875,26.75,6.875,0.5,10.075
Colin Kaepernick,13,LAR,7.666666666666667,11.777777777777779,46.888888888888886,98.66666666666667,5.888888888888889,0.3333333333333333,0.1111111111111111,69.77777777777777,4.444444444444445,33.111111111111114,7.111111111111111,0.4444444444444444,10.591111111111111
Colin Kaepernick,14,MIA,8.7,12.9,50.0,107.3,6.1,0.3,0.1,72.8,4.6,35.1,7.3,0.5,11.402
Colin Kaepernick,15,NE,9.181818181818182,14.0,50.54545454545455,117.63636363636364,6.363636363636363,0.6363636363636364,0.18181818181818182,76.0909090909091,4.818181818181818,34.45454545454545,7.0,0.45454545454545453,12.696363636363635
Colin Kaepernick,16,SEA,10.0,15.833333333333334,50.75,128.16666666666666,6.416666666666667,0.6666666666666666,0.25,75.75,5.0,34.166666666666664,6.75,0.4166666666666667,12.876666666666665
Colin Kaepernick,17,ARI,10.461538461538462,16.76923076923077,51.23076923076923,139.53846153846155,6.6923076923076925,0.7692307692307693,0.23076923076923078,78.76923076923077,4.846153846153846,31.923076923076923,6.384615384615385,0.38461538461538464,13.389230769230767
Colt McCoy,12,PIT,0.0,0.0,0.0,0.0,0.0,0.0,0.0,0.0,0.0,0.0,0.0,0.0,0.0
Colt McCoy,14,KC,0.0,0.0,0.0,0.0,0.0,0.0,0.0,0.0,1.0,-1.0,-0.5,0.0,-0.1
Colt McCoy,16,DEN,3.0,5.666666666666667,17.666666666666668,26.333333333333332,1.6666666666666667,0.3333333333333333,0.0,28.333333333333332,1.3333333333333333,5.0,2.6666666666666665,0.0,2.8866666666666667
Dan Orlovsky,15,NO,4.0,7.0,57.0,51.0,7.0,0.0,0.0,80.0,0.0,0.0,0.0,0.0,2.04
David Carr,3,CAR,1.0,2.0,50.0,4.0,2.0,0.0,0.0,56.0,0.0,0.0,0.0,0.0,0.16
David Carr,17,PHI,1.0,1.5,75.0,9.5,8.5,0.0,0.0,87.5,1.5,-1.5,-0.5,0.0,0.22999999999999998
Derek Anderson,3,NYG,3.0,3.0,100.0,46.0,15.0,0.0,0.0,119.0,0.0,0.0,0.0,0.0,1.84
Derek Anderson,17,NO,2.0,2.0,100.0,29.0,13.5,0.0,0.0,118.0,0.0,0.0,0.0,0.0,1.1600000000000001
Drew Brees,1,WAS,24.0,52.0,46.0,339.0,7.0,3.0,2.0,71.0,0.0,0.0,0.0,0.0,21.56
Drew Brees,2,CAR,27.5,50.5,54.5,332.0,7.0,2.0,2.0,71.5,1.0,0.0,0.0,0.5,20.28
Drew Brees,3,KC,25.0,45.666666666666664,55.0,301.3333333333333,7.0,2.3333333333333335,1.6666666666666667,78.33333333333333,1.0,-0.3333333333333333,-0.3333333333333333,0.3333333333333333,20.02
Drew Brees,4,GB,27.5,47.75,57.5,337.5,7.25,2.5,1.25,86.0,0.75,-0.25,-0.25,0.25,22.475
Drew Brees,5,LAC,27.8,47.2,58.8,344.0,7.4,2.8,1.2,90.8,1.0,-0.6,-0.4,0.2,23.7
Drew Brees,7,TB,27.666666666666668,45.5,61.166666666666664,349.5,7.833333333333333,3.0,1.1666666666666667,97.33333333333333,1.0,-0.3333333333333333,-0.16666666666666666,0.16666666666666666,24.613333333333333
Drew Brees,8,DEN,26.857142857142858,45.0,59.857142857142854,330.0,7.428571428571429,2.857142857142857,1.1428571428571428,93.85714285714286,1.1428571428571428,0.0,0.0,0.14285714285714285,23.2
Drew Brees,9,PHI,26.125,42.75,62.125,318.625,7.625,2.75,1.0,98.125,1.125,-0.125,-0.125,0.125,22.2325
Drew Brees,10,ATL,25.555555555555557,41.55555555555556,62.55555555555556,316.3333333333333,7.777777777777778,2.7777777777777777,1.0,99.88888888888889,1.1111111111111112,-0.2222222222222222,-0.2222222222222222,0.1111111111111111,22.186666666666667
Drew Brees,11,OAK,25.0,40.1,63.7,306.6,7.8,2.8,0.9,103.4,1.0,-0.2,-0.2,0.1,22.044
Drew Brees,12,SF,25.09090909090909,40.18181818181818,63.63636363636363,303.0,7.7272727272727275,2.8181818181818183,1.0,101.81818181818181,1.0909090909090908,-0.36363636363636365,-0.2727272727272727,0.09090909090909091,21.72
Drew Brees,13,ATL,25.333333333333332,41.0,63.0,306.1666666666667,7.666666666666667,2.5833333333333335,1.3333333333333333,96.5,1.0,-0.3333333333333333,-0.25,0.08333333333333333,20.21333333333333
Drew Brees,14,NYG,25.384615384615383,41.15384615384615,62.84615384615385,309.84615384615387,7.6923076923076925,2.4615384615384617,1.3846153846153846,94.84615384615384,1.0,-0.38461538461538464,-0.3076923076923077,0.07692307692307693,19.739999999999995
Drew Brees,15,TB,25.428571428571427,41.0,63.142857142857146,309.64285714285717,7.714285714285714,2.5714285714285716,1.2857142857142858,97.0,1.0,0.42857142857142855,0.5,0.07142857142857142,20.428571428571423
Drew Brees,16,DAL,26.2,41.8,63.6,318.73333333333335,7.733333333333333,2.6,1.2,98.13333333333334,1.0,0.3333333333333333,0.4,0.06666666666666667,21.04933333333333
Drew Brees,17,CAR,26.375,41.875,63.8125,323.5625,7.8125,2.6875,1.1875,99.375,0.9375,0.3125,0.375,0.0625,21.598750000000003
Eli Manning,1,DAL,21.0,32.0,66.0,213.0,7.0,1.0,0.0,95.0,0.0,0.0,0.0,0.0,12.52
Eli Manning,2,TB,26.0,41.5,63.5,361.5,8.5,2.0,1.5,92.5,1.5,-1.0,-0.5,0.0,19.36
Eli Manning,3,CAR,26.333333333333332,39.333333333333336,68.0,337.0,8.333333333333334,1.6666666666666667,1.0,98.33333333333333,1.6666666666666667,1.0,0.6666666666666666,0.0,18.246666666666666
Eli Manning,4,PHI,25.75,40.0,65.25,330.0,8.0,1.75,1.0,95.25,1.25,0.75,0.5,0.0,18.275
Eli Manning,5,CLE,25.6,39.4,65.8,315.8,7.8,2.0,1.0,96.8,1.4,0.4,0.2,0.0,18.672
Eli Manning,6,SF,23.833333333333332,37.5,63.833333333333336,295.3333333333333,7.666666666666667,1.8333333333333333,0.8333333333333334,95.16666666666667,1.6666666666666667,0.0,0.0,0.0,17.48
Eli Manning,7,WAS,24.142857142857142,37.857142857142854,64.0,301.2857142857143,7.714285714285714,1.7142857142857142,1.0,92.85714285714286,1.7142857142857142,0.5714285714285714,0.2857142857142857,0.0,16.965714285714284
Eli Manning,8,DAL,23.0,36.75,62.5,287.625,7.625,1.5,1.0,88.5,1.625,0.875,0.625,0.0,15.5925
Eli Manning,9,PIT,21.555555555555557,35.333333333333336,60.22222222222222,269.55555555555554,7.333333333333333,1.3333333333333333,1.0,83.22222222222223,1.4444444444444444,0.7777777777777778,0.5555555555555556,0.0,14.193333333333333
Eli Manning,10,CIN,22.3,36.4,60.5,264.1,7.1,1.2,1.1,80.5,1.4,0.8,0.6,0.0,13.044
Eli Manning,12,GB,21.727272727272727,35.81818181818182,59.81818181818182,262.72727272727275,7.181818181818182,1.3636363636363635,1.0,83.54545454545455,1.4545454545454546,1.8181818181818181,1.0909090909090908,0.0,13.963636363636363
Eli Manning,13,WAS,21.583333333333332,35.583333333333336,59.916666666666664,264.1666666666667,7.333333333333333,1.3333333333333333,0.9166666666666666,84.75,1.4166666666666667,2.0833333333333335,1.4166666666666667,0.0,14.108333333333333
Eli Manning,14,NO,21.615384615384617,35.53846153846154,60.15384615384615,263.7692307692308,7.3076923076923075,1.5384615384615385,1.0,85.92307692307692,1.4615384615384615,1.6923076923076923,1.1538461538461537,0.0,14.719999999999999
Eli Manning,15,ATL,21.0,34.785714285714285,59.57142857142857,256.42857142857144,7.214285714285714,1.4285714285714286,1.0714285714285714,82.57142857142857,1.3571428571428572,1.5714285714285714,1.0714285714285714,0.0,13.842857142857142
Eli Manning,16,BAL,20.533333333333335,34.333333333333336,58.93333333333333,249.33333333333334,7.066666666666666,1.4,1.0,82.26666666666667,1.3333333333333333,2.0,1.5333333333333334,0.0,13.639999999999999
Eli Manning,17,PHI,20.0625,33.5,59.125,246.75,7.25,1.625,0.9375,85.5625,1.25,1.875,1.4375,0.0,14.557500000000001
Graham Harrell,4,NO,0.0,0.0,0.0,0.0,0.0,0.0,0.0,0.0,1.0,0.0,0.0,0.0,-2.0
Graham Harrell,6,HOU,0.0,0.0,0.0,0.0,0.0,0.0,0.0,0.0,0.5,0.0,0.0,0.0,-1.0
Graham Harrell,12,NYG,0.3333333333333333,0.6666666666666666,16.666666666666668,3.6666666666666665,2.0,0.0,0.0,22.333333333333332,0.3333333333333333,0.0,0.0,0.0,-0.52
Graham Harrell,16,TEN,0.5,1.0,25.0,5.0,2.75,0.0,0.0,32.5,1.0,-0.75,-0.25,0.0,-0.375
Greg McElroy,13,ARI,5.0,7.0,71.0,29.0,4.0,1.0,0.0,118.0,4.0,5.0,1.0,0.0,5.66
Greg McElroy,16,LAC,9.5,15.5,64.5,107.0,6.0,0.5,0.5,91.5,4.0,15.0,3.5,0.0,5.78
Jake Locker,1,NE,23.0,32.0,72.0,229.0,7.0,1.0,1.0,89.0,2.0,11.0,6.0,0.0,10.26
Jake Locker,2,LAC,19.0,31.0,61.0,201.5,6.5,1.0,1.0,77.0,2.0,16.0,8.5,0.0,10.66
Jake Locker,3,DET,22.333333333333332,34.666666666666664,63.666666666666664,260.3333333333333,7.333333333333333,1.3333333333333333,0.6666666666666666,89.0,2.6666666666666665,22.333333333333332,8.666666666666666,0.0,15.313333333333333
Jake Locker,4,HOU,16.75,26.5,47.75,195.25,5.5,1.0,0.5,76.75,2.0,16.75,6.5,0.0,11.485
Jake Locker,10,MIA,15.2,25.4,46.8,180.6,5.6,1.2,0.4,80.2,2.4,20.6,7.0,0.0,12.484
Jake Locker,12,JAX,16.5,27.833333333333332,48.666666666666664,194.0,5.833333333333333,1.1666666666666667,0.6666666666666666,77.66666666666667,2.8333333333333335,20.666666666666668,6.5,0.0,12.493333333333334
Jake Locker,13,HOU,17.142857142857142,30.285714285714285,48.42857142857143,210.42857142857142,6.0,1.1428571428571428,1.0,73.57142857142857,3.0,23.142857142857142,7.0,0.0,12.16
Jake Locker,14,IND,17.75,30.875,50.25,216.875,6.25,1.125,1.125,73.25,3.125,26.625,7.75,0.0,12.5875
Jake Locker,15,NYJ,17.22222222222222,29.88888888888889,51.22222222222222,209.33333333333334,6.333333333333333,1.0,1.0,74.0,3.5555555555555554,28.444444444444443,7.555555555555555,0.1111111111111111,12.995555555555557
Jake Locker,16,GB,16.8,29.9,50.4,202.4,6.2,1.0,1.1,70.7,3.6,28.8,7.6,0.1,12.576
Jake Locker,17,JAX,16.09090909090909,28.545454545454547,51.27272727272727,197.8181818181818,6.545454545454546,0.9090909090909091,1.0,72.81818181818181,3.727272727272727,26.454545454545453,7.0,0.09090909090909091,12.012727272727274
Jason Campbell,5,JAX,0.0,0.0,0.0,0.0,0.0,0.0,0.0,0.0,0.0,0.0,0.0,0.0,0.0
Jason Campbell,7,DET,0.5,0.5,50.0,0.0,0.0,0.0,0.0,39.5,0.5,2.5,2.5,0.0,0.25
Jason Campbell,9,TEN,0.3333333333333333,0.3333333333333333,33.333333333333336,0.0,0.0,0.0,0.0,26.333333333333332,1.3333333333333333,0.6666666666666666,1.3333333333333333,0.0,0.06666666666666667
Jason Campbell,10,HOU,3.0,5.0,39.5,23.5,1.25,0.0,0.0,37.5,1.25,1.75,2.25,0.0,1.115
Jason Campbell,11,SF,5.2,8.4,44.4,40.2,2.0,0.2,0.4,40.6,1.2,4.0,4.4,0.0,2.008
Jason Campbell,14,MIN,5.333333333333333,8.5,48.166666666666664,44.166666666666664,2.8333333333333335,0.3333333333333333,0.3333333333333333,54.5,1.1666666666666667,4.666666666666667,5.0,0.0,2.9
Jay Cutler,1,IND,21.0,35.0,60.0,333.0,10.0,2.0,1.0,99.0,4.0,-4.0,-1.0,0.0,18.92
Jay Cutler,2,GB,16.0,31.0,50.5,229.5,7.5,1.5,2.5,63.5,2.5,4.0,5.5,0.0,10.580000000000002
Jay Cutler,3,LAR,16.333333333333332,31.0,52.0,214.0,7.0,1.0,2.0,62.0,3.0,8.666666666666666,5.333333333333333,0.0,9.426666666666668
Jay Cutler,4,DAL,16.75,29.25,57.75,229.25,8.25,1.25,1.5,81.5,3.0,6.5,4.0,0.0,11.32
Jay Cutler,5,JAX,18.0,31.2,58.0,241.8,8.2,1.4,1.4,83.0,2.8,9.6,5.4,0.0,13.032
Jay Cutler,7,DET,17.666666666666668,31.166666666666668,57.0,226.5,7.666666666666667,1.3333333333333333,1.1666666666666667,81.83333333333333,2.8333333333333335,13.666666666666666,6.333333333333333,0.0,13.093333333333334
Jay Cutler,8,CAR,17.857142857142858,30.714285714285715,58.57142857142857,220.71428571428572,7.571428571428571,1.2857142857142858,1.1428571428571428,82.0,2.5714285714285716,12.285714285714286,6.0,0.0,12.057142857142859
Jay Cutler,9,TEN,18.0,30.125,60.375,221.75,7.75,1.5,1.0,89.0,2.375,12.25,6.75,0.0,13.095
Jay Cutler,10,HOU,16.77777777777778,28.333333333333332,59.22222222222222,201.55555555555554,7.222222222222222,1.3333333333333333,1.1111111111111112,81.0,2.4444444444444446,15.0,7.333333333333333,0.0,11.784444444444444
Jay Cutler,12,MIN,17.4,28.6,60.7,200.2,7.1,1.3,1.1,81.5,2.5,14.4,6.9,0.0,11.648
Jay Cutler,13,SEA,17.363636363636363,28.363636363636363,61.09090909090909,203.1818181818182,7.2727272727272725,1.3636363636363635,1.0,85.0,2.727272727272727,15.545454545454545,6.7272727272727275,0.0,12.409090909090908
Jay Cutler,14,MIN,17.75,29.666666666666668,60.166666666666664,207.91666666666666,7.166666666666667,1.3333333333333333,1.0833333333333333,82.66666666666667,2.6666666666666665,15.583333333333334,6.833333333333333,0.0,12.375
Jay Cutler,15,GB,17.307692307692307,29.0,59.92307692307692,202.30769230769232,7.076923076923077,1.3076923076923077,1.0769230769230769,81.92307692307692,2.5384615384615383,15.076923076923077,7.0,0.0,12.061538461538463
Jay Cutler,16,ARI,16.928571428571427,28.785714285714285,58.92857142857143,198.28571428571428,7.0,1.2857142857142858,1.0,81.57142857142857,2.5714285714285716,14.571428571428571,6.714285714285714,0.0,11.959999999999999
Jay Cutler,17,DET,17.0,28.933333333333334,58.86666666666667,202.2,7.066666666666666,1.2666666666666666,0.9333333333333333,82.53333333333333,2.7333333333333334,15.533333333333333,6.666666666666667,0.0,12.308
Joe Flacco,1,CIN,21.0,29.0,72.0,299.0,10.0,2.0,0.0,128.0,2.0,-1.0,-1.0,0.0,19.86
Joe Flacco,2,PHI,21.5,35.5,62.0,265.5,8.0,1.5,0.5,97.5,1.0,-0.5,-0.5,0.0,14.57
Joe Flacco,3,NE,23.666666666666668,36.666666666666664,65.33333333333333,304.3333333333333,8.666666666666666,2.0,0.6666666666666666,104.33333333333333,1.3333333333333333,0.6666666666666666,0.3333333333333333,0.0,18.24
Joe Flacco,4,CLE,24.75,39.0,64.25,317.25,8.5,1.75,0.75,99.0,1.5,1.5,0.75,0.25,19.34
Joe Flacco,5,KC,22.4,36.6,61.0,291.2,8.2,1.4,0.8,90.4,1.8,4.0,1.6,0.2,16.848
Joe Flacco,6,DAL,21.5,34.833333333333336,61.666666666666664,281.6666666666667,8.333333333333334,1.3333333333333333,0.6666666666666666,93.16666666666667,1.8333333333333333,3.6666666666666665,1.5,0.16666666666666666,16.3
Joe Flacco,7,HOU,21.428571428571427,36.0,59.857142857142854,262.42857142857144,7.571428571428571,1.2857142857142858,0.8571428571428571,86.28571428571429,1.8571428571428572,4.142857142857143,1.8571428571428572,0.14285714285714285,14.911428571428571
Joe Flacco,9,CLE,20.625,34.5,60.25,248.75,7.375,1.25,0.75,87.375,1.875,3.75,1.75,0.125,14.575
Joe Flacco,10,OAK,20.666666666666668,34.333333333333336,60.666666666666664,259.0,7.666666666666667,1.4444444444444444,0.7777777777777778,90.55555555555556,1.7777777777777777,3.4444444444444446,1.6666666666666667,0.2222222222222222,16.26
Joe Flacco,11,PIT,20.6,34.1,60.9,249.5,7.4,1.3,0.7,89.1,1.7,3.0,1.4,0.2,15.280000000000001
Joe Flacco,12,LAC,21.454545454545453,35.63636363636363,60.72727272727273,259.09090909090907,7.363636363636363,1.2727272727272727,0.6363636363636364,88.9090909090909,1.9090909090909092,2.3636363636363638,1.1818181818181819,0.18181818181818182,15.509090909090911
Joe Flacco,13,PIT,21.0,35.5,59.583333333333336,253.16666666666666,7.25,1.25,0.6666666666666666,86.66666666666667,1.8333333333333333,2.0833333333333335,1.0,0.16666666666666666,14.835
Joe Flacco,14,WAS,20.615384615384617,34.38461538461539,60.84615384615385,247.69230769230768,7.384615384615385,1.3846153846153846,0.6923076923076923,89.3076923076923,2.076923076923077,2.6153846153846154,1.0769230769230769,0.15384615384615385,14.93846153846154
Joe Flacco,15,DEN,20.571428571428573,34.785714285714285,60.07142857142857,248.14285714285714,7.285714285714286,1.4285714285714286,0.7142857142857143,88.35714285714286,2.0714285714285716,2.2857142857142856,0.9285714285714286,0.14285714285714285,14.86857142857143
Joe Flacco,16,NYG,20.866666666666667,34.86666666666667,60.666666666666664,252.2,7.4,1.4666666666666666,0.6666666666666666,90.06666666666666,2.1333333333333333,1.4666666666666666,0.6666666666666666,0.2,15.568000000000003
Joe Flacco,17,CIN,19.8125,33.1875,60.0,238.5625,7.1875,1.375,0.625,88.25,2.0,1.375,0.625,0.1875,14.679999999999998
Joe Webb,5,TEN,0.0,0.0,0.0,0.0,0.0,0.0,0.0,0.0,1.0,-1.0,-1.0,0.0,-0.1
John Skelton,1,SEA,14.0,28.0,50.0,149.0,5.0,0.0,1.0,51.0,1.0,2.0,2.0,0.0,4.16
John Skelton,6,BUF,8.0,19.0,35.0,97.0,5.0,0.0,1.0,28.5,0.5,1.0,1.0,0.0,1.98
John Skelton,7,MIN,13.666666666666666,24.666666666666668,46.333333333333336,152.0,5.666666666666667,0.3333333333333333,1.0,48.333333333333336,0.3333333333333333,0.6666666666666666,0.6666666666666666,0.0,4.8133333333333335
John Skelton,8,SF,18.25,31.5,50.25,186.5,5.75,0.25,1.0,53.5,0.5,0.75,0.75,0.0,6.035
John Skelton,9,GB,19.2,34.4,50.2,210.4,6.0,0.4,1.0,56.8,0.4,0.6,0.6,0.0,7.676
John Skelton,11,ATL,16.333333333333332,29.833333333333332,46.666666666666664,176.33333333333334,5.166666666666667,0.3333333333333333,0.8333333333333334,54.0,0.3333333333333333,0.5,0.5,0.0,6.436666666666667
John Skelton,14,SEA,15.571428571428571,28.714285714285715,47.142857142857146,161.71428571428572,4.857142857142857,0.2857142857142857,1.2857142857142858,48.857142857142854,0.5714285714285714,0.7142857142857143,0.5714285714285714,0.0,4.540000000000001
Josh Freeman,1,CAR,16.0,24.0,67.0,138.0,6.0,1.0,0.0,95.0,7.0,13.0,2.0,0.0,10.82
Josh Freeman,2,NYG,15.5,26.0,60.5,190.5,7.5,1.5,1.0,86.0,3.5,6.5,1.0,0.0,12.27
Josh Freeman,3,DAL,13.666666666666666,26.666666666666668,52.333333333333336,163.66666666666666,6.333333333333333,1.3333333333333333,1.0,72.33333333333333,2.6666666666666665,4.666666666666667,1.0,0.0,10.346666666666666
Josh Freeman,4,WAS,16.25,29.75,54.75,197.5,6.75,1.25,1.0,75.0,2.5,5.5,1.75,0.0,11.45
Josh Freeman,6,KC,16.0,29.0,55.4,223.6,8.0,1.6,1.0,85.0,2.6,5.4,1.8,0.0,13.884
Josh Freeman,7,NO,17.333333333333332,31.166666666666668,55.666666666666664,256.3333333333333,8.333333333333334,1.8333333333333333,0.8333333333333334,90.0,2.3333333333333335,6.666666666666667,3.6666666666666665,0.0,16.58666666666667
Josh Freeman,8,MIN,17.571428571428573,31.857142857142858,55.285714285714285,257.14285714285717,8.142857142857142,2.0,0.7142857142857143,92.0,2.4285714285714284,5.571428571428571,3.142857142857143,0.0,17.414285714285715
Josh Freeman,9,OAK,17.625,31.625,55.875,255.875,8.125,2.0,0.625,94.125,2.75,7.625,3.25,0.0,17.4975
Josh Freeman,10,LAC,17.22222222222222,30.333333333333332,57.44444444444444,250.77777777777777,8.444444444444445,2.0,0.5555555555555556,99.0,2.5555555555555554,7.222222222222222,3.3333333333333335,0.0,17.42
Josh Freeman,11,CAR,18.0,31.9,57.1,250.5,8.1,2.1,0.7,96.4,2.8,9.2,3.5,0.0,17.94
Josh Freeman,12,ATL,18.09090909090909,31.727272727272727,57.63636363636363,251.0,8.181818181818182,1.9090909090909092,0.6363636363636364,95.81818181818181,2.5454545454545454,8.363636363636363,3.1818181818181817,0.0,17.240000000000002
Josh Freeman,13,DEN,18.083333333333332,32.333333333333336,56.666666666666664,250.25,8.0,1.9166666666666667,0.6666666666666666,93.91666666666667,2.5,8.25,3.25,0.0,17.168333333333333
Josh Freeman,14,PHI,17.76923076923077,32.46153846153846,55.46153846153846,245.53846153846155,7.846153846153846,1.9230769230769231,0.6153846153846154,92.76923076923077,2.4615384615384617,8.615384615384615,3.5384615384615383,0.0,17.144615384615385
Josh Freeman,15,NO,18.357142857142858,33.5,55.42857142857143,247.92857142857142,7.714285714285714,1.7857142857142858,0.8571428571428571,88.78571428571429,2.4285714285714284,8.571428571428571,3.5714285714285716,0.0,16.06
Josh Freeman,16,LAR,19.133333333333333,34.86666666666667,55.46666666666667,256.2,7.666666666666667,1.7333333333333334,1.0666666666666667,86.33333333333333,2.533333333333333,9.2,3.6666666666666665,0.0,15.834666666666667
Josh Freeman,17,ATL,19.125,34.875,55.375,254.0625,7.5625,1.6875,1.0625,85.375,2.4375,8.6875,3.5,0.0,15.531250000000002
Josh Johnson,17,PIT,0.0,0.0,0.0,0.0,0.0,0.0,0.0,0.0,0.0,0.0,0.0,0.0,-2.0
Kellen Clemens,8,NE,1.0,2.0,50.0,39.0,20.0,0.0,1.0,56.0,2.0,5.0,3.0,0.0,0.06
Kellen Clemens,12,ARI,0.5,1.5,25.0,19.5,10.0,0.0,0.5,48.0,1.0,2.5,1.5,0.0,0.03
Kevin Kolb,1,SEA,6.0,8.0,75.0,66.0,8.0,1.0,0.0,139.0,1.0,-1.0,-1.0,0.0,6.54
Kevin Kolb,2,NE,10.5,17.5,65.5,103.0,6.5,1.0,0.0,110.5,3.0,8.0,1.0,0.5,10.92
Kevin Kolb,3,PHI,12.666666666666666,19.666666666666668,67.33333333333333,142.66666666666666,7.333333333333333,1.3333333333333333,0.0,116.0,3.3333333333333335,10.666666666666666,2.0,0.3333333333333333,13.44
Kevin Kolb,4,MIA,16.75,26.75,65.5,188.0,7.25,1.75,0.5,108.0,2.5,8.0,1.5,0.25,15.32
Kevin Kolb,5,LAR,19.0,31.4,63.6,208.2,7.0,1.4,0.4,101.0,2.2,6.8,1.6,0.2,14.208000000000002
Kevin Kolb,6,BUF,18.166666666666668,30.5,62.0,194.83333333333334,6.666666666666667,1.3333333333333333,0.5,94.83333333333333,2.6666666666666665,16.666666666666668,3.5,0.16666666666666666,14.126666666666667
Kirk Cousins,5,ATL,5.0,9.0,56.0,111.0,12.0,1.0,2.0,97.0,0.0,0.0,0.0,0.0,4.44
Kirk Cousins,14,BAL,3.5,5.5,78.0,68.5,12.5,1.0,1.0,127.5,0.0,0.0,0.0,0.0,5.74
Kirk Cousins,15,CLE,11.0,16.0,75.33333333333333,155.33333333333334,11.333333333333334,1.3333333333333333,1.0,119.66666666666667,1.0,7.333333333333333,2.3333333333333335,0.0,10.946666666666667
Kyle Orton,4,CHI,9.0,10.0,90.0,89.0,9.0,1.0,0.0,137.0,0.0,0.0,0.0,0.0,9.56
Luke McCown,3,LAC,0.0,0.0,0.0,0.0,0.0,0.0,0.0,0.0,0.0,0.0,0.0,0.0,0.0
Luke McCown,15,NYG,0.0,0.0,0.0,0.0,0.0,0.0,0.0,0.0,1.0,-1.5,-1.0,0.0,-0.15
Mark Sanchez,1,BUF,19.0,27.0,70.0,266.0,10.0,3.0,1.0,123.0,0.0,0.0,0.0,0.0,20.64
Mark Sanchez,2,PIT,14.5,27.0,53.5,202.0,7.5,2.0,0.5,95.0,0.0,0.0,0.0,0.0,15.08
Mark Sanchez,3,MIA,16.666666666666668,33.0,51.333333333333336,236.66666666666666,7.333333333333333,1.6666666666666667,1.0,82.66666666666667,0.3333333333333333,1.3333333333333333,1.3333333333333333,0.0,14.266666666666666
Mark Sanchez,4,SF,15.75,32.0,49.75,203.25,6.5,1.25,1.0,72.0,0.25,1.0,1.0,0.0,10.729999999999999
Mark Sanchez,5,HOU,15.4,31.8,48.8,208.6,6.6,1.2,1.2,68.6,0.6,1.0,1.0,0.0,10.443999999999999
Mark Sanchez,6,IND,14.666666666666666,29.5,50.833333333333336,187.5,6.333333333333333,1.3333333333333333,1.0,75.33333333333333,0.6666666666666666,0.6666666666666666,0.6666666666666666,0.0,10.566666666666666
Mark Sanchez,7,NE,16.571428571428573,31.142857142857142,53.285714285714285,207.57142857142858,6.571428571428571,1.2857142857142858,1.0,77.42857142857143,0.7142857142857143,0.5714285714285714,0.5714285714285714,0.0,10.93142857142857
Mark Sanchez,8,MIA,18.0,34.0,53.125,217.0,6.375,1.25,1.0,76.0,0.75,1.25,1.25,0.0,11.055
Mark Sanchez,10,SEA,17.0,32.666666666666664,51.77777777777778,206.66666666666666,6.333333333333333,1.1111111111111112,1.0,72.11111111111111,0.6666666666666666,1.1111111111111112,1.1111111111111112,0.0,9.933333333333332
Mark Sanchez,11,LAR,16.8,31.4,54.1,203.8,6.6,1.1,0.9,76.7,1.0,0.8,0.9,0.0,10.032
Mark Sanchez,12,NE,17.636363636363637,31.818181818181817,55.72727272727273,212.63636363636363,6.7272727272727275,1.0909090909090908,0.9090909090909091,78.36363636363636,1.0909090909090908,0.9090909090909091,0.9090909090909091,0.0,10.232727272727272
Mark Sanchez,13,ARI,17.0,30.916666666666668,55.083333333333336,203.0,6.583333333333333,1.0,1.0833333333333333,73.58333333333333,1.0833333333333333,1.0,1.0,0.0,9.219999999999999
Mark Sanchez,14,JAX,16.615384615384617,30.0,55.69230769230769,195.92307692307693,6.538461538461538,0.9230769230769231,1.0,74.0,1.2307692307692308,1.7692307692307692,1.2307692307692308,0.0,8.783076923076923
Mark Sanchez,15,TEN,16.357142857142858,29.857142857142858,55.0,191.28571428571428,6.428571428571429,0.9285714285714286,1.2142857142857142,71.07142857142857,1.4285714285714286,2.0714285714285716,1.2857142857142858,0.0,8.144285714285713
Mark Sanchez,17,BUF,16.4,30.2,54.6,192.2,6.4,0.8666666666666667,1.2,70.0,1.4666666666666666,1.8666666666666667,1.1333333333333333,0.0,7.874666666666666
Matt Cassel,1,ATL,21.0,33.0,64.0,258.0,8.0,1.0,2.0,73.0,4.0,20.0,5.0,1.0,16.32
Matt Cassel,2,BUF,22.0,37.5,59.5,279.5,7.5,1.5,1.5,78.5,3.0,22.5,9.0,0.5,17.43
Matt Cassel,3,NO,23.333333333333332,39.666666666666664,59.333333333333336,269.0,7.0,1.0,1.3333333333333333,74.0,2.3333333333333335,15.666666666666666,6.666666666666667,0.3333333333333333,13.659999999999998
Matt Cassel,4,LAC,23.5,40.25,58.75,264.5,6.75,1.25,1.75,70.75,1.75,11.75,5.0,0.25,13.254999999999999
Matt Cassel,5,BAL,20.6,35.2,59.0,230.0,6.6,1.0,1.8,64.2,2.2,12.2,4.8,0.2,10.02
Matt Cassel,8,OAK,20.5,34.333333333333336,60.333333333333336,228.0,6.666666666666667,1.0,1.6666666666666667,67.66666666666667,3.0,16.0,4.833333333333333,0.16666666666666666,10.386666666666665
Matt Cassel,9,LAC,20.285714285714285,33.57142857142857,61.142857142857146,221.28571428571428,6.571428571428571,0.8571428571428571,1.5714285714285714,67.71428571428571,3.4285714285714284,19.0,5.0,0.14285714285714285,9.894285714285713
Matt Cassel,10,PIT,19.125,32.625,58.75,212.875,6.5,0.75,1.5,65.0,3.25,18.125,5.125,0.125,9.3275
Matt Cassel,11,CIN,17.88888888888889,30.77777777777778,57.77777777777778,199.55555555555554,6.444444444444445,0.6666666666666666,1.3333333333333333,65.33333333333333,3.0,16.11111111111111,4.555555555555555,0.1111111111111111,8.704444444444444
Matt Flynn,14,ARI,5.0,9.0,56.0,68.0,8.0,0.0,0.0,80.0,1.0,-2.0,-2.0,0.0,2.52
Matt Flynn,15,BUF,2.5,4.5,28.0,34.0,4.0,0.0,0.0,40.0,0.5,-1.0,-1.0,0.0,1.26
Matt Hasselbeck,1,NE,6.0,11.0,55.0,43.0,4.0,0.0,0.0,64.0,0.0,0.0,0.0,0.0,1.72
Matt Hasselbeck,4,HOU,11.5,18.0,61.5,118.0,6.0,1.0,1.0,74.0,1.0,1.5,1.0,0.0,5.87
Matt Hasselbeck,5,MIN,16.333333333333332,26.333333333333332,61.333333333333336,145.33333333333334,5.666666666666667,1.0,1.0,72.66666666666667,1.3333333333333333,4.333333333333333,2.3333333333333335,0.0,7.580000000000001
Matt Hasselbeck,6,PIT,18.5,30.75,60.25,181.5,6.0,1.0,1.0,73.25,1.25,3.75,2.25,0.0,9.135000000000002
Matt Hasselbeck,7,BUF,19.2,31.2,61.6,186.2,6.0,1.0,0.8,77.4,1.2,2.6,1.4,0.0,9.708000000000002
Matt Hasselbeck,8,IND,19.666666666666668,30.833333333333332,64.0,194.5,6.333333333333333,1.0,0.6666666666666666,83.0,1.3333333333333333,3.8333333333333335,2.0,0.0,10.496666666666668
Matt Hasselbeck,9,CHI,19.714285714285715,31.428571428571427,63.0,195.28571428571428,6.285714285714286,1.0,0.7142857142857143,81.28571428571429,1.4285714285714286,5.857142857142857,3.0,0.0,10.968571428571428
Matt Hasselbeck,10,MIA,17.25,27.625,55.125,170.875,5.5,0.875,0.625,76.125,1.625,4.75,2.5,0.0,9.559999999999999
Matt Leinart,10,BAL,0.0,1.0,0.0,0.0,0.0,0.0,0.0,40.0,0.0,0.0,0.0,0.0,0.0
Matt Leinart,16,CAR,8.0,16.5,25.0,57.5,2.0,0.0,0.5,43.0,0.0,0.0,0.0,0.0,1.3
Matt Moore,8,NYJ,11.0,19.0,58.0,131.0,7.0,1.0,0.0,97.0,4.0,-4.0,-1.0,0.0,8.84
Matt Moore,10,TEN,5.5,9.5,29.0,65.5,3.5,0.5,0.0,48.5,2.5,-1.5,0.0,0.0,4.47
Matt Moore,14,SF,3.6666666666666665,6.333333333333333,19.333333333333332,43.666666666666664,2.3333333333333335,0.3333333333333333,0.0,32.333333333333336,1.6666666666666667,-1.0,0.0,0.0,2.98
Matt Moore,15,JAX,2.75,4.75,14.5,32.75,1.75,0.25,0.0,24.25,1.25,-0.75,0.0,0.0,2.235
Matt Moore,16,BUF,2.2,3.8,11.6,26.2,1.4,0.2,0.0,19.4,1.0,-0.6,0.0,0.0,1.7879999999999998
Matt Moore,17,NE,1.8333333333333333,3.1666666666666665,9.666666666666666,21.833333333333332,1.1666666666666667,0.16666666666666666,0.0,16.166666666666668,0.8333333333333334,-0.5,0.0,0.0,1.49
Matt Ryan,1,KC,23.0,31.0,74.0,299.0,10.0,3.0,0.0,136.0,3.0,25.0,8.0,1.0,32.46
Matt Ryan,2,DEN,23.5,33.5,70.5,259.0,8.0,2.5,0.0,119.0,4.5,22.0,5.5,0.5,25.560000000000002
Matt Ryan,3,LAC,25.666666666666668,35.666666666666664,72.0,264.3333333333333,7.666666666666667,2.6666666666666665,0.3333333333333333,115.33333333333333,3.3333333333333335,16.0,5.0,0.3333333333333333,24.173333333333336
Matt Ryan,4,CAR,25.5,36.75,69.75,290.5,8.0,2.75,0.5,113.25,2.5,12.0,3.75,0.25,24.320000000000004
Matt Ryan,5,WAS,27.2,39.8,68.8,301.4,7.8,2.6,0.6,108.4,3.0,11.0,3.2,0.2,23.156000000000002
Matt Ryan,6,OAK,26.666666666666668,39.333333333333336,68.16666666666667,292.6666666666667,7.666666666666667,2.3333333333333335,1.0,100.16666666666667,2.6666666666666665,11.666666666666666,5.166666666666667,0.16666666666666666,20.873333333333335
Matt Ryan,8,PHI,26.0,37.857142857142854,69.28571428571429,288.2857142857143,7.857142857142857,2.4285714285714284,0.8571428571428571,105.42857142857143,2.7142857142857144,12.571428571428571,5.285714285714286,0.14285714285714285,21.360000000000003
Matt Ryan,9,DAL,25.75,37.375,69.5,295.0,8.125,2.125,0.75,105.125,2.5,12.0,5.625,0.125,20.5
Matt Ryan,10,NO,26.666666666666668,39.0,69.0,307.8888888888889,8.11111111111111,2.2222222222222223,0.7777777777777778,104.66666666666667,2.4444444444444446,10.88888888888889,5.111111111111111,0.1111111111111111,21.182222222222222
Matt Ryan,11,ARI,26.8,39.7,68.2,307.2,8.0,2.0,1.2,98.2,2.5,9.5,4.5,0.1,19.238
Matt Ryan,12,TB,26.727272727272727,39.0,69.36363636363636,311.3636363636364,8.272727272727273,1.9090909090909092,1.1818181818181819,99.27272727272727,2.3636363636363638,9.818181818181818,5.2727272727272725,0.09090909090909091,18.89090909090909
Matt Ryan,13,NO,26.0,38.5,68.16666666666667,299.1666666666667,8.0,1.8333333333333333,1.0833333333333333,97.5,2.4166666666666665,8.833333333333334,4.75,0.08333333333333333,18.183333333333334
Matt Ryan,14,CAR,26.615384615384617,39.30769230769231,68.23076923076923,302.46153846153845,7.923076923076923,1.8461538461538463,1.0769230769230769,97.23076923076923,2.230769230769231,8.153846153846153,4.384615384615385,0.07692307692307693,18.298461538461538
Matt Ryan,15,NYG,26.357142857142858,38.5,69.21428571428571,300.14285714285717,8.071428571428571,1.9285714285714286,1.0,100.5,2.142857142857143,7.5,4.0,0.07142857142857142,18.61285714285714
Matt Ryan,16,DET,26.266666666666666,38.06666666666667,69.8,298.73333333333335,8.133333333333333,2.066666666666667,0.9333333333333333,103.33333333333333,2.1333333333333333,8.666666666666666,4.6,0.06666666666666667,19.349333333333334
Matt Ryan,17,TB,26.375,38.4375,69.4375,294.9375,7.9375,2.0,0.875,102.1875,2.125,8.8125,4.6875,0.0625,19.05375
Matt Schaub,1,MIA,20.0,31.0,65.0,266.0,9.0,1.0,0.0,102.0,4.0,-2.0,-1.0,0.0,14.44
Matt Schaub,2,JAX,23.0,33.0,69.5,230.5,7.5,0.5,0.0,94.5,3.0,-2.5,-1.5,0.0,10.969999999999999
Matt Schaub,3,DEN,21.0,32.0,65.33333333333333,250.33333333333334,8.333333333333334,1.6666666666666667,0.3333333333333333,101.33333333333333,2.0,-1.6666666666666667,-1.0,0.0,15.846666666666666
Matt Schaub,4,TEN,20.75,31.0,66.75,238.25,8.0,1.75,0.25,104.75,2.0,-1.75,-1.0,0.0,15.855
Matt Schaub,5,NYJ,19.4,30.4,63.4,232.4,8.0,1.6,0.4,98.2,1.6,-1.4,-0.8,0.0,14.756
Matt Schaub,6,GB,19.5,30.833333333333332,63.0,232.33333333333334,7.833333333333333,1.3333333333333333,0.6666666666666666,91.33333333333333,1.5,-1.1666666666666667,-0.6666666666666666,0.0,13.176666666666668
Matt Schaub,7,BAL,20.0,31.714285714285715,62.857142857142854,235.71428571428572,7.714285714285714,1.4285714285714286,0.5714285714285714,92.71428571428571,1.4285714285714286,-1.2857142857142858,-0.8571428571428571,0.0,13.87142857142857
Matt Schaub,9,BUF,19.875,31.125,63.75,239.75,8.0,1.5,0.5,97.0,1.375,-1.25,-0.875,0.0,14.465
Matt Schaub,10,CHI,19.22222222222222,30.555555555555557,62.666666666666664,223.66666666666666,7.555555555555555,1.4444444444444444,0.6666666666666666,91.0,1.4444444444444444,-1.3333333333333333,-0.8888888888888888,0.0,13.257777777777777
Matt Schaub,11,JAX,21.6,33.0,64.2,254.0,7.8,1.8,0.8,94.1,1.3,-1.2,-0.8,0.0,15.639999999999997
Matt Schaub,12,DET,22.272727272727273,34.36363636363637,63.81818181818182,259.54545454545456,7.7272727272727275,1.7272727272727273,0.8181818181818182,92.63636363636364,1.3636363636363635,-1.1818181818181819,-0.8181818181818182,0.0,15.536363636363633
Matt Schaub,13,TEN,22.166666666666668,34.416666666666664,63.5,255.16666666666666,7.583333333333333,1.75,0.75,92.91666666666667,1.5833333333333333,-0.6666666666666666,-0.6666666666666666,0.0,15.673333333333332
Matt Schaub,14,NE,21.923076923076923,34.23076923076923,63.15384615384615,253.3846153846154,7.538461538461538,1.6153846153846154,0.7692307692307693,91.07692307692308,1.4615384615384615,-0.6153846153846154,-0.6153846153846154,0.0,15.027692307692307
Matt Schaub,15,IND,22.0,34.0,63.92857142857143,253.92857142857142,7.571428571428571,1.5714285714285714,0.7142857142857143,92.42857142857143,1.3571428571428572,-0.5714285714285714,-0.5714285714285714,0.0,14.985714285714284
Matt Schaub,16,MIN,21.733333333333334,33.86666666666667,63.4,248.86666666666667,7.466666666666667,1.4666666666666666,0.6666666666666666,91.06666666666666,1.2666666666666666,-0.5333333333333333,-0.5333333333333333,0.0,14.461333333333332
Matt Schaub,17,IND,21.875,34.0,63.625,250.5,7.5,1.375,0.75,89.5,1.3125,-0.5625,-0.5625,0.0,13.98875
Matthew Stafford,1,LAR,32.0,48.0,67.0,355.0,7.0,1.0,3.0,69.0,0.0,0.0,0.0,0.0,12.5
Matthew Stafford,2,SF,25.5,40.0,63.0,292.5,7.0,1.0,2.0,74.0,1.0,5.0,2.5,0.0,12.35
Matthew Stafford,3,TEN,28.0,40.666666666666664,68.33333333333333,287.6666666666667,7.0,1.0,1.3333333333333333,83.33333333333333,1.3333333333333333,7.333333333333333,3.6666666666666665,0.0,14.339999999999998
Matthew Stafford,4,MIN,28.5,43.25,66.0,295.5,6.75,0.75,1.0,81.75,2.0,9.0,3.75,0.25,15.794999999999998
Matthew Stafford,6,PHI,27.2,43.6,62.6,298.6,6.8,0.8,1.0,79.4,2.2,8.6,3.4,0.4,16.863999999999997
Matthew Stafford,7,CHI,27.333333333333332,44.0,62.333333333333336,292.6666666666667,6.666666666666667,0.8333333333333334,1.0,78.66666666666667,2.3333333333333335,10.666666666666666,4.0,0.3333333333333333,16.49
Matthew Stafford,8,SEA,28.285714285714285,44.714285714285715,63.285714285714285,301.14285714285717,6.714285714285714,1.1428571428571428,1.0,82.0,2.5714285714285716,10.857142857142858,3.857142857142857,0.42857142857142855,18.602857142857143
Matthew Stafford,9,JAX,27.5,43.25,63.75,299.125,7.0,1.0,0.875,83.5,2.5,9.25,3.25,0.375,17.677500000000002
Matthew Stafford,10,MIN,27.555555555555557,43.111111111111114,64.11111111111111,302.44444444444446,7.111111111111111,1.2222222222222223,0.8888888888888888,85.77777777777777,2.5555555555555554,9.666666666666666,3.3333333333333335,0.3333333333333333,18.431111111111115
Matthew Stafford,11,GB,26.5,42.7,62.1,298.8,7.1,1.2,1.0,82.6,2.5,9.9,3.6,0.3,17.572000000000003
Matthew Stafford,12,HOU,26.90909090909091,44.36363636363637,61.09090909090909,311.72727272727275,7.090909090909091,1.2727272727272727,0.9090909090909091,82.81818181818181,2.4545454545454546,9.636363636363637,3.6363636363636362,0.2727272727272727,18.36909090909091
Matthew Stafford,13,IND,26.916666666666668,44.5,60.916666666666664,311.8333333333333,7.083333333333333,1.3333333333333333,0.9166666666666666,83.0,2.3333333333333335,8.833333333333334,3.3333333333333335,0.25,18.38166666666667
Matthew Stafford,14,GB,26.923076923076923,44.53846153846154,60.84615384615385,308.15384615384613,7.0,1.3076923076923077,0.9230769230769231,82.38461538461539,2.3846153846153846,8.846153846153847,3.3076923076923075,0.3076923076923077,18.310769230769235
Matthew Stafford,15,ARI,26.714285714285715,44.92857142857143,59.92857142857143,303.7142857142857,6.857142857142857,1.2142857142857142,1.0714285714285714,79.21428571428571,2.2142857142857144,8.214285714285714,3.0714285714285716,0.2857142857142857,17.27714285714286
Matthew Stafford,16,ATL,27.4,45.666666666666664,60.333333333333336,313.0,6.933333333333334,1.1333333333333333,1.0666666666666667,79.46666666666667,2.1333333333333333,7.8,3.0,0.26666666666666666,17.18666666666667
Matthew Stafford,17,CHI,27.1875,45.4375,60.125,310.4375,6.9375,1.25,1.0625,80.1875,2.1875,7.875,3.0,0.25,17.223750000000003
Michael Vick,1,CLE,29.0,56.0,52.0,317.0,6.0,2.0,4.0,51.0,7.0,32.0,5.0,0.0,15.88
Michael Vick,2,BAL,26.0,44.0,62.0,344.0,9.0,1.5,3.0,73.0,8.5,33.0,4.0,0.5,19.06
Michael Vick,3,ARI,23.0,41.666666666666664,56.666666666666664,301.6666666666667,8.0,1.0,2.0,70.33333333333333,7.0,27.0,4.0,0.3333333333333333,14.766666666666666
Michael Vick,4,NYG,22.0,38.75,58.25,286.5,8.0,1.0,1.5,77.5,6.75,32.5,5.0,0.25,15.709999999999999
Michael Vick,5,PIT,21.6,37.0,60.0,264.2,7.6,1.2,1.2,82.8,6.4,29.2,4.6,0.2,15.088
Michael Vick,6,DET,22.666666666666668,38.5,60.166666666666664,272.0,7.5,1.3333333333333333,1.3333333333333333,81.83333333333333,6.833333333333333,34.166666666666664,5.0,0.16666666666666666,16.296666666666667
Michael Vick,8,ATL,22.428571428571427,38.0,60.142857142857146,260.42857142857144,7.285714285714286,1.2857142857142858,1.1428571428571428,82.14285714285714,6.857142857142857,35.285714285714285,5.142857142857143,0.14285714285714285,16.231428571428573
Michael Vick,9,NO,22.375,38.375,59.375,261.875,7.25,1.25,1.125,80.875,6.75,37.5,5.625,0.125,16.474999999999998
Michael Vick,10,DAL,20.555555555555557,35.111111111111114,60.22222222222222,240.55555555555554,7.333333333333333,1.2222222222222223,1.0,86.0,6.333333333333333,34.111111111111114,5.222222222222222,0.1111111111111111,15.477777777777776
Michael Vick,17,NYG,20.4,35.1,59.6,236.2,7.2,1.2,1.0,84.2,6.2,33.2,5.2,0.1,15.167999999999997
Nick Foles,10,DAL,22.0,32.0,69.0,219.0,7.0,1.0,1.0,85.0,0.0,0.0,0.0,0.0,8.76
Nick Foles,11,WAS,21.5,39.0,57.5,211.5,5.5,0.5,1.5,62.5,0.5,0.0,0.0,0.0,6.46
Nick Foles,12,CAR,19.666666666666668,33.0,63.666666666666664,180.66666666666666,5.666666666666667,0.3333333333333333,1.0,71.33333333333333,0.6666666666666666,0.0,0.0,0.0,5.8933333333333335
Nick Foles,13,DAL,20.25,33.25,64.0,198.25,6.0,0.5,0.75,77.75,0.5,0.0,0.0,0.0,7.93
Nick Foles,14,TB,22.6,36.8,63.8,234.8,6.4,0.8,0.6,82.0,1.0,5.4,1.8,0.2,12.732
Nick Foles,15,CIN,21.5,36.166666666666664,61.333333333333336,225.66666666666666,6.333333333333333,0.8333333333333334,0.6666666666666666,78.83333333333333,1.1666666666666667,5.333333333333333,2.0,0.16666666666666666,11.893333333333333
Nick Foles,16,WAS,23.0,37.857142857142854,62.142857142857146,242.71428571428572,6.428571428571429,0.8571428571428571,0.7142857142857143,79.85714285714286,1.5714285714285714,6.0,2.142857142857143,0.14285714285714285,12.308571428571428
Peyton Manning,1,PIT,19.0,26.0,73.0,253.0,10.0,2.0,0.0,129.0,4.0,3.0,1.0,0.0,20.42
Peyton Manning,2,ATL,21.5,31.5,69.0,247.0,8.5,1.5,1.5,94.0,2.5,1.0,0.0,0.0,13.98
Peyton Manning,3,HOU,23.0,38.333333333333336,62.666666666666664,274.6666666666667,7.666666666666667,1.6666666666666667,1.0,90.33333333333333,1.6666666666666667,0.6666666666666666,0.0,0.0,16.386666666666667
Peyton Manning,4,OAK,24.75,38.25,66.75,290.5,8.0,2.0,0.75,100.25,1.5,0.25,-0.25,0.0,18.645
Peyton Manning,5,NE,26.0,39.4,67.6,299.8,8.0,2.2,0.6,103.2,1.6,2.0,0.8,0.0,19.791999999999998
Peyton Manning,6,LAC,25.666666666666668,37.833333333333336,69.66666666666667,301.3333333333333,8.333333333333334,2.3333333333333335,0.6666666666666666,107.5,1.8333333333333333,1.1666666666666667,0.5,0.0,20.169999999999998
Peyton Manning,8,NO,25.142857142857142,36.714285714285715,70.14285714285714,301.85714285714283,8.571428571428571,2.4285714285714284,0.5714285714285714,112.0,1.7142857142857142,1.5714285714285714,1.0,0.0,20.802857142857142
Peyton Manning,9,CIN,25.375,36.5,71.0,300.5,8.5,2.5,0.75,111.25,1.75,1.125,0.75,0.0,20.6325
Peyton Manning,10,CAR,25.555555555555557,36.666666666666664,71.0,300.55555555555554,8.444444444444445,2.3333333333333335,0.6666666666666666,110.33333333333333,1.8888888888888888,1.4444444444444444,0.7777777777777778,0.0,19.944444444444443
Peyton Manning,11,LAC,25.5,37.2,69.9,297.5,8.2,2.4,0.7,108.5,1.7,1.3,0.7,0.0,20.03
Peyton Manning,12,KC,25.181818181818183,37.18181818181818,69.0,296.3636363636364,8.181818181818182,2.3636363636363638,0.7272727272727273,106.81818181818181,1.6363636363636365,1.2727272727272727,0.7272727272727273,0.0,19.8
Peyton Manning,13,TB,25.333333333333332,37.25,69.16666666666667,291.8333333333333,8.0,2.4166666666666665,0.75,106.5,1.6666666666666667,0.75,0.4166666666666667,0.0,19.748333333333335
Peyton Manning,14,OAK,25.384615384615383,37.15384615384615,69.38461538461539,293.2307692307692,8.076923076923077,2.3076923076923075,0.7692307692307693,105.6923076923077,1.7692307692307692,0.46153846153846156,0.3076923076923077,0.0,19.313846153846153
Peyton Manning,15,BAL,24.785714285714285,36.5,68.78571428571429,286.85714285714283,8.0,2.2142857142857144,0.7142857142857143,104.92857142857143,1.6428571428571428,0.42857142857142855,0.2857142857142857,0.0,18.802857142857142
Peyton Manning,16,CLE,25.133333333333333,36.93333333333333,68.86666666666666,290.3333333333333,8.0,2.2666666666666666,0.7333333333333333,105.06666666666666,1.5333333333333334,0.4,0.26666666666666666,0.0,19.12
Peyton Manning,17,KC,25.0,36.4375,69.5,291.1875,8.1875,2.3125,0.6875,107.5625,1.4375,0.375,0.25,0.0,19.435
Philip Rivers,1,OAK,24.0,33.0,73.0,231.0,7.0,1.0,0.0,102.0,1.0,-2.0,-2.0,0.0,13.04
Philip Rivers,2,TEN,24.0,32.5,74.0,257.5,8.0,2.0,0.5,111.0,1.0,3.5,3.5,0.0,17.65
Philip Rivers,3,ATL,23.0,34.333333333333336,67.66666666666667,229.33333333333334,7.0,1.3333333333333333,1.0,89.0,1.3333333333333333,3.0,2.6666666666666665,0.0,12.806666666666665
Philip Rivers,4,KC,21.75,31.5,70.25,224.25,7.5,1.5,1.0,95.5,1.75,2.25,2.0,0.0,13.194999999999999
Philip Rivers,5,NO,22.8,33.6,69.0,250.2,7.6,1.6,1.0,95.8,1.4,1.8,1.6,0.0,14.187999999999999
Philip Rivers,6,DEN,23.166666666666668,34.833333333333336,67.66666666666667,248.66666666666666,7.333333333333333,1.6666666666666667,1.5,88.83333333333333,1.1666666666666667,1.5,1.3333333333333333,0.0,12.763333333333334
Philip Rivers,8,CLE,22.428571428571427,34.714285714285715,65.57142857142857,235.14285714285714,7.0,1.4285714285714286,1.2857142857142858,85.42857142857143,1.0,1.2857142857142858,1.1428571428571428,0.0,11.819999999999999
Philip Rivers,9,KC,21.875,32.875,68.625,233.25,7.5,1.5,1.25,90.375,1.125,0.875,0.875,0.0,12.1675
Philip Rivers,10,TB,22.666666666666668,33.333333333333336,69.66666666666667,244.77777777777777,7.666666666666667,1.6666666666666667,1.3333333333333333,92.44444444444444,1.2222222222222223,1.3333333333333333,1.1111111111111112,0.0,13.257777777777779
Philip Rivers,11,DEN,22.8,34.0,68.7,246.1,7.5,1.7,1.4,90.7,1.1,1.2,1.0,0.0,13.164000000000001
Philip Rivers,12,BAL,22.818181818181817,34.18181818181818,68.27272727272727,244.45454545454547,7.363636363636363,1.6363636363636365,1.2727272727272727,90.72727272727273,1.0,1.0909090909090908,0.9090909090909091,0.0,13.160000000000002
Philip Rivers,13,CIN,23.083333333333332,35.333333333333336,67.08333333333333,247.41666666666666,7.25,1.5,1.25,88.41666666666667,1.0833333333333333,2.6666666666666665,1.6666666666666667,0.0,12.83
Philip Rivers,14,PIT,22.923076923076923,35.76923076923077,65.84615384615384,243.76923076923077,7.076923076923077,1.6153846153846154,1.1538461538461537,88.46153846153847,1.2307692307692308,2.6923076923076925,1.6153846153846154,0.0,13.404615384615386
Philip Rivers,15,CAR,22.428571428571427,34.857142857142854,66.14285714285714,235.0,6.928571428571429,1.5714285714285714,1.0714285714285714,89.0,1.3571428571428572,2.7857142857142856,1.5714285714285714,0.0,12.821428571428573
Philip Rivers,16,NYJ,21.666666666666668,34.0,65.06666666666666,230.33333333333334,7.0,1.6,1.0,90.06666666666666,1.6,2.8666666666666667,1.5333333333333334,0.0,12.966666666666669
Philip Rivers,17,OAK,21.125,32.9375,65.8125,225.375,7.125,1.625,0.9375,93.3125,1.6875,2.5,1.375,0.0,13.015
Robert Griffin III,1,NO,19.0,26.0,73.0,320.0,12.0,2.0,0.0,140.0,9.0,42.0,5.0,0.0,25.0
Robert Griffin III,2,LAR,19.5,27.5,71.0,263.0,9.5,1.5,0.5,113.0,10.0,62.0,6.5,1.0,27.72
Robert Griffin III,3,CIN,20.0,29.666666666666668,68.0,249.0,8.666666666666666,1.3333333333333333,0.3333333333333333,105.33333333333333,11.0,66.0,6.333333333333333,1.0,26.56
Robert Griffin III,4,TB,21.5,31.0,69.5,267.5,8.75,1.0,0.25,104.5,10.25,58.5,6.0,1.0,25.549999999999997
Robert Griffin III,5,ATL,19.2,27.8,69.0,232.2,8.2,0.8,0.2,100.2,8.4,48.2,6.2,0.8,21.308
Robert Griffin III,6,MIN,18.833333333333332,26.833333333333332,70.33333333333333,223.83333333333334,8.166666666666666,0.8333333333333334,0.3333333333333333,99.66666666666667,9.166666666666666,63.166666666666664,7.0,1.0,23.603333333333335
Robert Griffin III,7,NYG,19.0,27.0,70.42857142857143,228.71428571428572,8.285714285714286,1.0,0.42857142857142855,101.0,9.142857142857142,66.85714285714286,7.428571428571429,0.8571428571428571,23.548571428571428
Robert Griffin III,8,PIT,18.625,27.875,67.5,222.25,7.875,1.0,0.375,97.5,8.75,59.5,6.625,0.75,22.09
Robert Griffin III,9,CAR,19.11111111111111,29.11111111111111,66.55555555555556,221.44444444444446,7.666666666666667,0.8888888888888888,0.3333333333333333,94.88888888888889,9.0,58.77777777777778,6.444444444444445,0.6666666666666666,21.18
Robert Griffin III,11,PHI,18.6,27.7,69.2,219.3,8.2,1.2,0.3,101.2,9.3,61.3,6.5,0.6,22.302
Robert Griffin III,12,DAL,18.636363636363637,27.636363636363637,69.27272727272727,227.0,8.454545454545455,1.4545454545454546,0.36363636363636365,104.0,9.090909090909092,58.36363636363637,6.2727272727272725,0.5454545454545454,22.916363636363638
Robert Griffin III,13,NYG,18.166666666666668,27.083333333333332,68.66666666666667,221.66666666666666,8.416666666666666,1.4166666666666667,0.3333333333333333,103.83333333333333,8.75,59.5,6.916666666666667,0.5,22.483333333333334
Robert Griffin III,14,BAL,17.923076923076923,27.0,67.84615384615384,223.23076923076923,8.461538461538462,1.3846153846153846,0.3076923076923077,103.6923076923077,8.615384615384615,57.53846153846154,6.769230769230769,0.46153846153846156,22.067692307692308
Robert Griffin III,16,PHI,17.785714285714285,26.785714285714285,67.78571428571429,221.42857142857142,8.428571428571429,1.4285714285714286,0.35714285714285715,103.57142857142857,8.142857142857142,53.714285714285715,6.428571428571429,0.42857142857142855,21.514285714285712
Robert Griffin III,17,DAL,17.2,26.2,66.6,213.33333333333334,8.266666666666667,1.3333333333333333,0.3333333333333333,101.13333333333334,8.0,54.333333333333336,6.733333333333333,0.4666666666666667,21.166666666666668
Russell Wilson,1,ARI,18.0,34.0,53.0,153.0,5.0,1.0,1.0,63.0,8.0,20.0,3.0,0.0,8.12
Russell Wilson,2,DAL,16.5,27.0,64.0,152.0,6.5,1.0,0.5,88.0,6.0,24.0,5.0,0.0,10.48
Russell Wilson,3,GB,14.333333333333334,25.0,58.666666666666664,144.66666666666666,6.333333333333333,1.3333333333333333,0.3333333333333333,91.66666666666667,5.0,22.0,5.333333333333333,0.0,11.986666666666666
Russell Wilson,4,LAR,15.0,25.0,61.0,148.5,6.25,1.0,1.0,80.25,5.5,20.0,4.5,0.0,9.44
Russell Wilson,5,CAR,15.8,25.0,64.0,163.0,6.8,1.0,1.2,80.6,5.4,18.4,4.0,0.0,9.559999999999999
Russell Wilson,6,NE,15.833333333333334,25.333333333333332,63.166666666666664,184.66666666666666,7.5,1.3333333333333333,1.0,89.5,5.333333333333333,18.166666666666668,3.8333333333333335,0.0,11.87
Russell Wilson,7,SF,14.857142857142858,25.0,59.714285714285715,175.71428571428572,7.142857142857143,1.1428571428571428,1.0,82.28571428571429,5.0,17.0,3.7142857142857144,0.0,10.728571428571428
Russell Wilson,8,DET,16.125,26.25,61.125,183.25,7.125,1.25,1.0,84.125,4.5,16.0,4.375,0.0,11.43
Russell Wilson,9,MIN,16.11111111111111,26.0,61.77777777777778,182.11111111111111,7.111111111111111,1.4444444444444444,0.8888888888888888,88.88888888888889,5.0,17.22222222222222,4.222222222222222,0.0,12.562222222222223
Russell Wilson,10,NYJ,15.7,25.3,61.9,182.7,7.4,1.5,0.8,93.1,5.2,18.9,4.3,0.0,12.998000000000001
Russell Wilson,12,MIA,16.181818181818183,25.454545454545453,63.36363636363637,186.45454545454547,7.454545454545454,1.5454545454545454,0.7272727272727273,96.0909090909091,5.181818181818182,20.636363636363637,4.636363636363637,0.0,13.703636363636365
Russell Wilson,13,CHI,16.75,26.416666666666668,63.25,195.33333333333334,7.5,1.5833333333333333,0.6666666666666666,96.83333333333333,5.5,24.833333333333332,4.916666666666667,0.0,14.796666666666667
Russell Wilson,14,ARI,16.0,25.384615384615383,62.53846153846154,191.69230769230768,7.769230769230769,1.5384615384615385,0.6923076923076923,96.15384615384616,5.3076923076923075,23.846153846153847,4.846153846153846,0.0,14.360000000000001
Russell Wilson,15,BUF,15.857142857142858,25.214285714285715,62.42857142857143,192.64285714285714,7.857142857142857,1.5,0.6428571428571429,96.71428571428571,5.571428571428571,28.714285714285715,5.214285714285714,0.21428571428571427,16.14857142857143
Russell Wilson,16,SF,15.8,24.933333333333334,63.0,191.2,7.866666666666666,1.6666666666666667,0.6666666666666666,97.93333333333334,5.6,28.733333333333334,5.2,0.2,16.654666666666667
Russell Wilson,17,LAR,15.75,24.5625,64.0,194.875,8.1875,1.625,0.625,100.3125,5.875,30.5625,5.25,0.25,17.22625
Rusty Smith,5,MIN,3.0,5.0,60.0,34.0,7.0,0.0,0.0,80.0,0.0,0.0,0.0,0.0,1.36
Ryan Fitzpatrick,1,NYJ,18.0,32.0,56.0,195.0,6.0,3.0,3.0,67.0,2.0,8.0,4.0,0.0,14.6
Ryan Fitzpatrick,2,KC,14.0,25.5,54.5,186.5,7.5,2.5,1.5,93.5,3.0,21.0,6.5,0.0,16.56
Ryan Fitzpatrick,3,CLE,16.666666666666668,28.666666666666668,57.333333333333336,193.66666666666666,7.0,2.6666666666666665,1.0,98.33333333333333,4.0,17.333333333333332,5.0,0.0,17.48
Ryan Fitzpatrick,4,NE,18.0,31.25,57.0,232.75,7.5,3.0,1.75,94.0,3.75,16.5,5.0,0.0,18.96
Ryan Fitzpatrick,5,SF,17.6,30.2,58.0,211.4,7.0,2.4,1.6,86.8,3.4,13.4,4.2,0.0,15.796000000000001
Ryan Fitzpatrick,6,ARI,17.666666666666668,30.5,57.666666666666664,201.66666666666666,6.666666666666667,2.0,1.3333333333333333,83.83333333333333,3.3333333333333335,12.0,3.8333333333333335,0.0,14.266666666666667
Ryan Fitzpatrick,7,TEN,19.0,31.142857142857142,60.42857142857143,205.0,6.571428571428571,2.142857142857143,1.2857142857142858,87.57142857142857,3.142857142857143,13.571428571428571,5.0,0.0,14.985714285714286
Ryan Fitzpatrick,9,HOU,19.75,32.0,61.125,209.25,6.5,1.875,1.125,87.0,3.0,13.625,5.25,0.0,14.232500000000002
Ryan Fitzpatrick,10,NE,20.555555555555557,32.888888888888886,61.888888888888886,223.44444444444446,6.666666666666667,1.8888888888888888,1.1111111111111112,88.44444444444444,3.0,13.444444444444445,5.111111111111111,0.0,14.726666666666668
Ryan Fitzpatrick,11,MIA,20.2,32.3,62.0,217.9,6.6,1.7,1.0,87.6,3.0,13.6,5.1,0.0,14.076000000000002
Ryan Fitzpatrick,12,IND,19.90909090909091,32.36363636363637,61.09090909090909,214.45454545454547,6.545454545454546,1.6363636363636365,1.0,85.54545454545455,3.0,13.454545454545455,5.0,0.0,13.741818181818184
Ryan Fitzpatrick,13,JAX,19.0,31.083333333333332,60.416666666666664,205.91666666666666,6.583333333333333,1.6666666666666667,1.0,85.75,3.1666666666666665,13.833333333333334,4.916666666666667,0.08333333333333333,14.120000000000003
Ryan Fitzpatrick,14,LAR,19.46153846153846,31.23076923076923,61.61538461538461,209.07692307692307,6.6923076923076925,1.6153846153846154,1.0,86.38461538461539,3.1538461538461537,13.153846153846153,4.6923076923076925,0.07692307692307693,13.986153846153847
Ryan Fitzpatrick,15,SEA,19.571428571428573,31.714285714285715,61.142857142857146,209.64285714285714,6.642857142857143,1.5714285714285714,1.0714285714285714,84.42857142857143,3.142857142857143,12.785714285714286,4.571428571428571,0.07142857142857142,13.521428571428572
Ryan Fitzpatrick,16,MIA,19.6,31.933333333333334,60.86666666666667,211.66666666666666,6.666666666666667,1.5333333333333334,1.0666666666666667,83.86666666666666,3.2,13.133333333333333,4.6,0.06666666666666667,13.38
Ryan Fitzpatrick,17,NYJ,19.125,31.5625,59.9375,212.5,6.8125,1.5,1.0,84.1875,3.0,12.3125,4.3125,0.0625,13.356250000000001
Ryan Lindley,11,ATL,9.0,20.0,45.0,64.0,3.0,0.0,0.0,53.0,0.0,0.0,0.0,0.0,0.56
Ryan Lindley,12,LAR,20.0,36.0,52.5,188.0,4.5,0.0,2.0,49.0,0.5,0.5,0.5,0.0,2.5700000000000003
Ryan Lindley,13,NYJ,16.666666666666668,34.333333333333336,45.666666666666664,149.33333333333334,3.6666666666666665,0.0,1.6666666666666667,42.0,0.3333333333333333,0.3333333333333333,0.3333333333333333,0.0,2.006666666666667
Ryan Lindley,14,SEA,14.5,30.0,46.0,126.75,3.75,0.0,1.25,45.5,0.5,-0.25,-0.25,0.0,1.5450000000000002
Ryan Lindley,15,DET,14.4,28.2,50.2,122.2,4.0,0.0,1.2,48.0,0.8,1.4,0.6,0.0,1.828
Ryan Lindley,16,CHI,14.833333333333334,28.5,51.333333333333336,125.33333333333333,4.166666666666667,0.0,1.1666666666666667,49.166666666666664,0.6666666666666666,1.1666666666666667,0.5,0.0,2.1300000000000003
Ryan Mallett,8,LAR,1.0,3.0,33.0,17.0,6.0,0.0,0.0,53.0,3.0,-3.0,-1.0,0.0,0.38
Ryan Mallett,11,IND,0.5,1.5,16.5,8.5,3.0,0.0,0.0,26.5,1.5,-1.5,-0.5,0.0,0.19
Ryan Mallett,12,NYJ,0.3333333333333333,1.0,11.0,5.666666666666667,2.0,0.0,0.0,17.666666666666668,1.6666666666666667,-2.0,-1.0,0.0,0.026666666666666672
Ryan Mallett,14,HOU,0.25,1.0,8.25,4.25,1.5,0.0,0.25,13.25,2.0,-2.25,-1.0,0.0,-0.5549999999999999
Ryan Tannehill,1,HOU,20.0,36.0,56.0,219.0,6.0,0.0,3.0,39.0,3.0,-4.0,-1.0,0.0,2.36
Ryan Tannehill,2,OAK,19.0,33.0,58.0,209.5,6.5,0.5,1.5,65.0,3.0,5.0,2.0,0.5,10.879999999999999
Ryan Tannehill,3,NYJ,18.0,34.0,53.333333333333336,205.0,6.0,0.3333333333333333,1.3333333333333333,60.0,3.0,4.333333333333333,1.6666666666666667,0.3333333333333333,9.299999999999999
Ryan Tannehill,4,ARI,20.0,35.75,55.75,261.5,7.25,0.5,1.5,66.75,2.5,3.25,1.25,0.25,11.285
Ryan Tannehill,5,CIN,19.4,33.8,57.6,253.8,7.6,0.4,1.2,71.8,2.8,1.8,0.8,0.2,10.732
Ryan Tannehill,6,LAR,19.666666666666668,33.0,60.0,242.33333333333334,7.333333333333333,0.6666666666666666,1.0,78.5,3.0,4.166666666666667,1.3333333333333333,0.16666666666666666,11.776666666666666
Ryan Tannehill,8,NYJ,17.142857142857142,29.0,57.142857142857146,210.28571428571428,6.857142857142857,0.5714285714285714,0.8571428571428571,74.42857142857143,2.5714285714285716,3.5714285714285716,1.1428571428571428,0.14285714285714285,10.197142857142856
Ryan Tannehill,9,IND,17.75,30.125,57.25,220.25,7.0,0.625,0.75,76.5,2.375,3.0,0.875,0.125,10.86
Ryan Tannehill,10,TEN,18.333333333333332,31.11111111111111,57.44444444444444,219.88888888888889,6.888888888888889,0.5555555555555556,1.0,72.66666666666667,2.2222222222222223,2.5555555555555554,0.6666666666666666,0.1111111111111111,9.94
Ryan Tannehill,11,BUF,17.9,30.8,56.7,212.0,6.7,0.6,1.1,70.1,2.1,3.0,1.3,0.1,9.58
Ryan Tannehill,12,SEA,17.90909090909091,30.363636363636363,57.81818181818182,215.72727272727272,7.0,0.6363636363636364,1.0909090909090908,72.54545454545455,2.272727272727273,5.7272727272727275,1.9090909090909092,0.09090909090909091,10.110909090909091
Ryan Tannehill,13,NE,17.5,30.25,56.75,213.25,6.916666666666667,0.5833333333333334,1.0,72.0,2.5,6.833333333333333,2.0833333333333335,0.16666666666666666,10.38
Ryan Tannehill,14,SF,17.46153846153846,30.46153846153846,56.38461538461539,208.3846153846154,6.769230769230769,0.6153846153846154,0.9230769230769231,72.15384615384616,2.5384615384615383,8.23076923076923,2.5384615384615383,0.15384615384615385,10.543076923076923
Ryan Tannehill,15,JAX,17.785714285714285,30.285714285714285,58.0,209.21428571428572,6.857142857142857,0.7142857142857143,0.8571428571428571,75.78571428571429,2.9285714285714284,11.357142857142858,2.857142857142857,0.14285714285714285,11.361428571428572
Ryan Tannehill,16,BUF,17.466666666666665,29.933333333333334,57.6,203.93333333333334,6.733333333333333,0.8,0.8,77.0,3.1333333333333333,13.533333333333333,3.1333333333333333,0.13333333333333333,11.777333333333333
Ryan Tannehill,17,NE,17.625,30.25,57.5625,205.875,6.75,0.75,0.8125,76.3125,3.0625,13.1875,3.1875,0.125,11.428749999999999
Sam Bradford,1,DET,17.0,25.0,68.0,198.0,8.0,1.0,0.0,105.0,2.0,2.0,1.0,0.0,12.12
Sam Bradford,2,WAS,21.5,30.0,71.0,254.0,8.5,2.0,0.5,111.5,2.5,6.0,2.0,0.0,17.759999999999998
Sam Bradford,3,CHI,20.333333333333332,31.666666666666668,64.33333333333333,220.0,7.0,1.3333333333333333,1.0,87.33333333333333,2.3333333333333335,8.666666666666666,3.6666666666666665,0.0,12.999999999999998
Sam Bradford,4,SEA,19.25,31.25,61.5,220.25,7.0,1.0,1.0,81.25,2.25,6.0,2.5,0.0,11.409999999999998
Sam Bradford,5,ARI,16.8,29.2,55.8,204.4,7.0,1.2,1.0,79.0,2.8,4.8,2.0,0.0,11.456
Sam Bradford,6,MIA,18.333333333333332,30.833333333333332,57.666666666666664,222.83333333333334,7.166666666666667,1.0,0.8333333333333334,81.0,3.0,9.666666666666666,3.1666666666666665,0.16666666666666666,13.546666666666667
Sam Bradford,7,GB,18.714285714285715,31.285714285714285,58.285714285714285,227.42857142857142,7.285714285714286,1.0,0.8571428571428571,81.14285714285714,2.5714285714285716,8.285714285714286,2.7142857142857144,0.14285714285714285,13.354285714285714
Sam Bradford,8,NE,19.125,31.125,60.125,224.625,7.25,1.0,0.875,82.125,2.625,7.625,2.5,0.125,12.997499999999999
Sam Bradford,10,SF,19.88888888888889,32.0,60.888888888888886,230.22222222222223,7.222222222222222,1.1111111111111112,0.7777777777777778,84.55555555555556,2.4444444444444446,6.777777777777778,2.2222222222222223,0.1111111111111111,13.664444444444444
Sam Bradford,11,NYJ,20.2,33.2,60.0,224.2,6.9,1.2,0.8,82.8,2.3,6.8,2.7,0.1,13.447999999999999
Sam Bradford,12,ARI,19.09090909090909,31.727272727272727,58.81818181818182,222.45454545454547,7.363636363636363,1.2727272727272727,0.8181818181818182,84.9090909090909,2.272727272727273,6.2727272727272725,2.5454545454545454,0.09090909090909091,13.525454545454545
Sam Bradford,13,SF,19.666666666666668,32.333333333333336,59.5,222.33333333333334,7.25,1.1666666666666667,0.75,84.58333333333333,2.3333333333333335,8.333333333333334,3.1666666666666665,0.08333333333333333,13.56
Sam Bradford,14,BUF,19.615384615384617,32.84615384615385,58.69230769230769,221.30769230769232,7.076923076923077,1.1538461538461537,0.7692307692307693,82.92307692307692,2.4615384615384617,8.692307692307692,3.1538461538461537,0.07692307692307693,13.567692307692308
Sam Bradford,15,MIN,20.714285714285715,34.42857142857143,59.07142857142857,232.42857142857142,7.071428571428571,1.2857142857142858,0.7857142857142857,83.71428571428571,2.4285714285714284,8.714285714285714,3.2857142857142856,0.07142857142857142,14.597142857142856
Sam Bradford,16,TB,20.2,33.93333333333333,58.333333333333336,230.0,7.066666666666666,1.3333333333333333,0.8,83.6,2.4,8.066666666666666,3.0,0.06666666666666667,14.54
Sam Bradford,17,SEA,20.5,34.4375,58.4375,231.375,7.0,1.3125,0.8125,83.0625,2.3125,7.9375,3.1875,0.0625,14.42375
Shaun Hill,3,TEN,10.0,13.0,77.0,172.0,13.0,2.0,0.0,158.0,1.0,-1.0,-1.0,0.0,14.78
TJ Yates,3,DEN,0.0,0.0,0.0,0.0,0.0,0.0,0.0,0.0,0.0,0.0,0.0,0.0,0.0
TJ Yates,6,GB,1.0,2.5,20.0,11.5,2.5,0.0,0.5,7.5,0.0,0.0,0.0,0.0,-0.54
TJ Yates,14,NE,1.3333333333333333,3.0,30.0,12.666666666666666,3.0,0.0,0.3333333333333333,24.666666666666668,0.3333333333333333,0.3333333333333333,0.3333333333333333,0.3333333333333333,1.8733333333333333
Thaddeus Lewis,17,PIT,22.0,32.0,69.0,204.0,6.0,1.0,1.0,83.0,1.0,3.0,3.0,0.0,10.46
Tim Tebow,1,BUF,0.0,0.0,0.0,0.0,0.0,0.0,0.0,0.0,5.0,11.0,2.0,0.0,1.1
Tim Tebow,2,PIT,0.0,0.0,0.0,0.0,0.0,0.0,0.0,0.0,3.0,16.5,12.0,0.0,1.6500000000000001
Tim Tebow,3,MIA,0.0,0.0,0.0,0.0,0.0,0.0,0.0,0.0,2.3333333333333335,12.666666666666666,9.666666666666666,0.0,1.2666666666666668
Tim Tebow,4,SF,0.25,0.25,25.0,2.25,2.25,0.0,0.0,26.0,2.25,9.5,7.25,0.0,1.04
Tim Tebow,5,HOU,0.2,0.4,20.0,1.8,1.8,0.0,0.0,28.8,2.8,11.4,6.6,0.0,1.2120000000000002
Tim Tebow,6,IND,0.3333333333333333,0.5,33.333333333333336,5.333333333333333,5.333333333333333,0.0,0.0,43.833333333333336,3.0,10.666666666666666,5.833333333333333,0.0,1.28
Tim Tebow,7,NE,0.2857142857142857,0.42857142857142855,28.571428571428573,4.571428571428571,4.571428571428571,0.0,0.0,37.57142857142857,3.142857142857143,10.857142857142858,5.428571428571429,0.0,1.2685714285714287
Tim Tebow,8,MIA,0.25,0.375,25.0,4.0,4.0,0.0,0.0,32.875,2.875,9.75,5.0,0.0,1.135
Tim Tebow,10,SEA,0.5555555555555556,0.6666666666666666,33.333333333333336,4.444444444444445,3.888888888888889,0.0,0.0,38.0,3.0,10.222222222222221,4.888888888888889,0.0,1.2000000000000002
Tim Tebow,11,LAR,0.6,0.7,40.0,3.9,3.4,0.0,0.0,42.1,2.9,8.7,4.1,0.0,1.0260000000000002
Tim Tebow,15,TEN,0.5454545454545454,0.7272727272727273,36.36363636363637,3.5454545454545454,3.090909090909091,0.0,0.0,41.90909090909091,2.909090909090909,9.272727272727273,4.181818181818182,0.0,1.0690909090909093
Tim Tebow,17,BUF,0.5,0.6666666666666666,33.333333333333336,3.25,2.8333333333333335,0.0,0.0,38.416666666666664,2.6666666666666665,8.5,3.8333333333333335,0.0,0.9800000000000001
Tom Brady,1,TEN,23.0,31.0,74.0,236.0,8.0,2.0,0.0,117.0,2.0,1.0,1.0,0.0,17.54
Tom Brady,2,ARI,25.5,38.5,67.5,276.0,7.5,1.5,0.5,98.5,1.5,0.0,0.0,0.0,16.04
Tom Brady,3,BAL,26.333333333333332,39.333333333333336,67.66666666666667,295.6666666666667,7.666666666666667,1.3333333333333333,0.3333333333333333,99.33333333333333,1.6666666666666667,2.3333333333333335,1.3333333333333333,0.0,16.726666666666667
Tom Brady,4,BUF,25.25,38.5,66.0,306.75,8.0,1.75,0.25,104.5,1.5,2.75,2.0,0.25,20.545
Tom Brady,5,DEN,24.8,37.0,67.6,290.0,7.8,1.6,0.2,104.6,2.0,1.8,1.4,0.4,20.18
Tom Brady,6,SEA,26.666666666666668,40.5,66.66666666666667,307.5,7.666666666666667,1.6666666666666667,0.5,100.33333333333333,1.6666666666666667,1.5,1.1666666666666667,0.3333333333333333,20.116666666666667
Tom Brady,7,NYJ,26.571428571428573,40.714285714285715,66.0,300.57142857142856,7.428571428571429,1.7142857142857142,0.42857142857142855,99.57142857142857,1.4285714285714286,1.2857142857142858,1.0,0.2857142857142857,19.865714285714287
Tom Brady,8,LAR,26.125,40.0,66.0,301.0,7.625,2.0,0.375,103.5,1.375,1.5,1.25,0.25,20.94
Tom Brady,10,BUF,25.77777777777778,39.77777777777778,65.44444444444444,293.8888888888889,7.444444444444445,2.0,0.3333333333333333,102.66666666666667,1.3333333333333333,1.2222222222222223,1.0,0.2222222222222222,20.544444444444444
Tom Brady,11,IND,25.6,39.3,65.8,297.6,7.7,2.1,0.3,105.1,1.2,1.1,0.9,0.2,21.014000000000003
Tom Brady,12,NYJ,24.90909090909091,38.18181818181818,65.9090909090909,299.90909090909093,8.090909090909092,2.1818181818181817,0.2727272727272727,108.72727272727273,1.3636363636363635,1.4545454545454546,1.0,0.2727272727272727,21.96
Tom Brady,13,MIA,24.833333333333332,38.333333333333336,65.41666666666667,294.75,7.916666666666667,2.0833333333333335,0.3333333333333333,105.91666666666667,1.5833333333333333,1.25,0.9166666666666666,0.25,21.081666666666667
Tom Brady,14,HOU,24.53846153846154,38.07692307692308,65.0,294.84615384615387,8.0,2.230769230769231,0.3076923076923077,107.38461538461539,1.5384615384615385,1.6153846153846154,1.3076923076923077,0.23076923076923078,21.64769230769231
Tom Brady,15,SF,25.357142857142858,40.0,64.28571428571429,305.42857142857144,7.928571428571429,2.142857142857143,0.42857142857142855,104.64285714285714,1.6428571428571428,2.2857142857142856,1.5,0.2857142857142857,21.874285714285715
Tom Brady,16,JAX,25.266666666666666,40.06666666666667,63.93333333333333,302.8666666666667,7.866666666666666,2.1333333333333333,0.5333333333333333,102.6,1.5333333333333334,2.1333333333333333,1.4,0.26666666666666666,21.39466666666667
Tom Brady,17,MIA,25.0625,39.8125,63.75,301.6875,7.875,2.125,0.5,102.6875,1.4375,2.0,1.3125,0.25,21.2675
Tony Romo,1,NYG,22.0,29.0,76.0,307.0,11.0,3.0,1.0,130.0,5.0,12.0,2.0,0.0,23.48
Tony Romo,2,SEA,22.5,34.5,67.0,279.0,8.5,2.0,1.0,102.0,3.5,5.5,0.5,0.0,17.71
Tony Romo,3,TB,23.333333333333332,36.0,66.0,280.3333333333333,8.0,1.3333333333333333,1.0,93.0,3.6666666666666665,4.0,0.3333333333333333,0.0,13.58
Tony Romo,4,CHI,25.25,37.75,67.5,287.0,7.75,1.25,2.0,84.75,3.0,3.0,0.25,0.0,11.755
Tony Romo,6,BAL,25.2,37.4,67.8,281.8,7.6,1.4,1.8,87.2,2.4,2.4,0.2,0.0,12.692000000000002
Tony Romo,7,CAR,25.0,36.833333333333336,68.33333333333333,272.6666666666667,7.5,1.3333333333333333,1.5,89.16666666666667,2.5,3.8333333333333335,0.8333333333333334,0.0,12.940000000000003
Tony Romo,8,NYG,26.571428571428573,40.42857142857143,66.85714285714286,296.14285714285717,7.428571428571429,1.2857142857142858,1.8571428571428572,84.71428571428571,2.4285714285714284,3.2857142857142856,0.7142857142857143,0.14285714285714285,13.874285714285717
Tony Romo,9,ATL,26.375,39.75,67.375,299.25,7.625,1.25,1.625,87.75,2.125,2.875,0.625,0.125,14.245000000000001
Tony Romo,10,PHI,25.555555555555557,38.22222222222222,68.0,289.22222222222223,7.666666666666667,1.3333333333333333,1.4444444444444444,91.55555555555556,2.0,2.4444444444444446,0.4444444444444444,0.1111111111111111,14.46888888888889
Tony Romo,11,CLE,26.5,39.4,68.2,291.6,7.5,1.3,1.3,91.7,2.0,3.2,0.9,0.1,14.574000000000002
Tony Romo,12,WAS,27.454545454545453,41.45454545454545,67.45454545454545,305.1818181818182,7.454545454545454,1.4545454545454546,1.3636363636363635,91.0,2.090909090909091,3.5454545454545454,1.0,0.09090909090909091,15.825454545454546
Tony Romo,13,PHI,27.0,40.25,68.66666666666667,305.0,7.75,1.5833333333333333,1.25,95.91666666666667,2.1666666666666665,4.416666666666667,1.3333333333333333,0.08333333333333333,16.633333333333336
Tony Romo,14,CIN,26.846153846153847,40.46153846153846,67.84615384615384,302.15384615384613,7.615384615384615,1.5384615384615385,1.2307692307692308,94.3076923076923,2.0,4.076923076923077,1.2307692307692308,0.07692307692307693,16.332307692307694
Tony Romo,15,PIT,27.071428571428573,40.57142857142857,68.07142857142857,304.92857142857144,7.642857142857143,1.5714285714285714,1.1428571428571428,95.5,2.142857142857143,3.5,1.0714285714285714,0.07142857142857142,16.682857142857145
Tony Romo,16,NO,27.0,40.733333333333334,67.6,312.3333333333333,7.8,1.7333333333333334,1.0666666666666667,97.4,2.0,3.2666666666666666,1.0,0.06666666666666667,17.74666666666667
Tony Romo,17,WAS,26.5625,40.5,66.75,306.4375,7.6875,1.75,1.1875,94.8125,1.875,3.0625,0.9375,0.0625,17.4325
Trent Edwards,17,NYG,2.0,2.0,100.0,14.0,7.0,0.0,0.0,96.0,0.0,0.0,0.0,0.0,0.56
Tyrod Taylor,1,CIN,2.0,3.0,67.0,30.0,10.0,0.0,0.0,99.0,1.0,7.0,7.0,0.0,1.9
Tyrod Taylor,4,CLE,1.0,1.5,33.5,15.0,5.0,0.0,0.0,49.5,0.5,3.5,3.5,0.0,0.95
Tyrod Taylor,5,KC,0.6666666666666666,1.0,22.333333333333332,10.0,3.3333333333333335,0.0,0.0,33.0,0.3333333333333333,2.3333333333333335,2.3333333333333335,0.0,0.6333333333333333
Tyrod Taylor,9,CLE,0.5,0.75,16.75,7.5,2.5,0.0,0.0,24.75,0.5,2.75,2.75,0.0,0.575
Tyrod Taylor,10,OAK,0.4,0.8,13.4,6.0,2.0,0.0,0.0,27.8,0.4,2.2,2.2,0.0,0.45999999999999996
Tyrod Taylor,17,CIN,2.8333333333333335,4.833333333333333,21.166666666666668,29.833333333333332,2.6666666666666665,0.0,0.16666666666666666,33.166666666666664,1.8333333333333333,12.666666666666666,3.0,0.16666666666666666,3.126666666666667
